,C0,C1,C2,C3,C4,C5,C6
0,a-4_6bThk2E,666861,16006,916,3686,False,False
1,5O6iNs0cEIU,239156,1598,252,327,False,False
2,RF-Mqs2qC-M,175490,9514,245,1070,False,False
3,YPR8K4TQ88M,1233755,8823,268,156,False,False
4,HQw0LJbwHY4,108850,730,46,67,False,False
5,oyBfefx7I6c,1602851,28896,1214,2109,False,False
6,yJqsPBWbtjk,1043726,24890,4292,11235,False,False
7,fZmtdMiD_c4,756650,13042,768,1235,False,False
8,ChF_ypmiIs8,55467,2520,279,261,False,False
9,eroexhJFTV4,49575,2562,130,461,False,False
10,Tbk-L0woO8Y,90271,4494,30,419,False,False
11,kP9Sr2awCmM,161885,15052,111,1086,False,False
12,GpTslx8-f5Y,27672,43,3,45,False,False
13,nys9ETT-1ss,26822,2197,22,214,False,False
14,OtL1fEEtLaA,844012,21100,915,6901,False,False
15,uTGsMan-6Ss,261128,32078,91,2021,False,False
16,S4M_bpWd3bg,555601,2666,513,665,False,False
17,kRYxmSFdTpk,46240,5005,23,207,False,False
18,UH0nTHb6OdY,1495447,45548,1174,7590,False,False
19,F4X_oShJVo8,162888,2901,468,664,False,False
20,6Y65fxIRs8Q,2851205,36668,2734,4209,False,False
21,rugoBphAaIE,240325,580,372,340,False,False
22,mYSxQT5c2wk,286319,7977,255,498,False,False
23,EdetWtZDTsE,857687,2449,780,231,False,False
24,gS1DbvHHVH0,1058246,102940,707,18157,False,False
25,IawKU9nOwHA,781539,52002,747,4996,False,False
26,4lQGVR6MBOg,584584,3986,149,811,False,False
27,-59U4Bgn8V0,678161,41055,368,1714,False,False
28,qjFR0o564zY,92778,526,83,341,False,False
29,Ct9BFr9XBaI,423463,14968,501,1083,False,False
30,wm5fj77R8aI,1923885,7873,1243,1203,False,False
31,aBkHb8e3UAk,1487593,72786,1759,6510,False,False
32,CB9ZqoPdPho,523563,26170,680,5228,False,False
33,2jNFymV3J-M,185781,2899,34,420,False,False
34,fSG1taRcEjU,91302,1199,90,290,False,False
35,dVD4W5e_X2A,147272,9959,105,531,False,False
36,dY6JBxGnDKY,27762,408,10,26,False,False
37,08vIy0y1N9I,888895,37218,448,2584,False,False
38,GDuJr3KG-Qk,141179,928,68,121,False,False
39,UsciN7COX1g,2788033,39291,2447,5223,False,False
40,hbuGUeRuYd4,364989,19355,293,3034,False,False
41,ROYA4u7cuR4,398808,15523,116,698,False,False
42,tuIVZ9k-0tc,436154,6507,222,1436,False,False
43,ceXPzJ0fZNs,620814,52278,307,6909,False,False
44,PKFe2N7Xylw,489447,24095,319,2697,False,False
45,v3y7FE76H7c,169209,13654,231,553,False,False
46,oS07bQTPZ20,3947934,23722,2183,4769,False,False
47,jtTqhoCo7_w,193504,271,28,13,False,False
48,7X_WvGAhMlQ,10804447,46063,6828,39322,False,False
49,G63TF6OMa_8,340850,8904,136,578,False,False
50,H-g3Jurb60Y,411888,2297,420,320,False,False
51,eDyt4tlfD4w,400795,20917,830,3948,False,False
52,4L-BPQVZYXM,850117,36676,783,4596,False,False
53,3OCEb7pZwhc,154318,308,236,52,False,False
54,qg2nGY1aqlg,1176895,80492,445,11573,False,False
55,l_IFnDydIeQ,804534,17185,845,898,False,False
56,K9MZPp1h690,63608,1249,95,606,False,False
57,OKj4GAWzZZg,212992,6625,202,687,False,False
58,3VbHg5fqBYw,3111226,127079,12403,18233,False,False
59,Th8rBDgarTM,289570,4223,371,900,False,False
60,h7aTgzufrVo,611652,35021,249,5120,False,False
61,znK545Ex86I,256471,4514,49,379,False,False
62,8x7UtZKwfHA,1457379,48970,2964,10767,False,False
63,WnClnjjJHhg,249173,3473,463,664,False,False
64,P1yrP4VTHFs,383437,7381,124,753,False,False
65,XmwwmV8FE64,87996,429,99,318,False,False
66,rwRR_mxPJhM,641879,18718,436,163,False,False
67,dmY9PY_IoYY,317315,7632,190,710,False,False
68,Oyq8Di01nN8,587807,11747,946,2321,False,False
69,XtlLI_pBC3s,2803696,185532,3630,21900,False,False
70,yBeXeGuluM8,435432,16583,323,3266,False,False
71,u5lxsBjCGc0,15343697,129211,4942,4106,False,False
72,HjoJqZDjxgI,369123,6659,334,1525,False,False
73,_b15m0x-Qis,125797,83,29,143,False,False
74,6rEkKWXCcR4,379935,25924,157,2230,False,False
75,_BcYBFC6zfY,2269711,76630,3689,17243,False,False
76,VQhjbCxOxdo,279832,23863,205,1508,False,False
77,D3ylvIS7Iqk,123551,337,26,158,False,False
78,BFdIK20wHb0,1061028,44974,3818,5914,False,False
79,6BALmDghybk,491617,18949,436,1803,False,False
80,xJKHdOgA-e8,112077,5279,138,601,False,False
81,koUB3vl737c,96458,406,281,908,False,False
82,TITlnMA7bH8,1289179,110156,2098,5124,False,False
83,1SiKopOt-QM,5277237,53089,5521,2524,False,False
84,RsGGQAJ3Bb8,697157,0,0,0,True,True
85,6kUCDT6tG-Y,11425,69,2,9,False,False
86,tJf4ZW0_TNU,396463,28469,430,2201,False,False
87,nFpEuUY-zQ0,731035,3863,396,707,False,False
88,njZMg2m34SY,281201,4283,360,1194,False,False
89,S204OM-oXCE,125256,14039,139,1614,False,False
90,SRAuAfueJSs,117721,3556,37,674,False,False
91,SlTyxwaasLE,198924,1693,81,417,False,False
92,P4FbNH4UnMM,867001,7002,474,813,False,False
93,w5N2XLzit-E,704337,28123,724,10377,False,False
94,Zb4lpyD28l0,97158,130,49,74,False,False
95,ZY63ZSUdywY,1152786,40559,340,3556,False,False
96,TdyllLZeviY,2843450,246463,2879,13751,False,False
97,RXhf23650F8,31747,193,311,0,True,False
98,gHhFT9WsEN8,67128,335,43,153,False,False
99,sMLso2du91U,2443489,25971,1728,7924,False,False
100,4csQhMHvQWk,1190755,23255,558,1110,False,False
101,8dFhgkUYLDo,446570,3203,293,346,False,False
102,5RjbQrzz7W8,114421,3893,64,430,False,False
103,VbAYGsxN7EA,385326,11058,282,2393,False,False
104,WttN1Z0XF4k,476253,3417,176,240,False,False
105,04uUFyIj-mc,989958,2514,1232,751,False,False
106,8KfxGwZo-kM,1046158,11883,459,1483,False,False
107,bMWIDBnA6Z4,83499,4714,120,1163,False,False
108,yJqsPBWbtjk,747653,21211,2968,9342,False,False
109,PiHgR1Xzw7M,278427,2800,214,1804,False,False
110,4KiM_ng46dg,456364,24211,323,1497,False,False
111,HaUuRMt9vdA,84982,1117,74,664,False,False
112,VLcDEY_JMtA,868582,11205,849,9217,False,False
113,jnAIlc_ylSw,92116,107,22,52,False,False
114,BzoKVZj5EOs,563636,10716,213,840,False,False
115,5fDeKPgVHVo,278885,3569,91,1387,False,False
116,kxpzTCSh6Ps,237604,1566,28,134,False,False
117,Q7tXF3oOCH4,142940,1025,139,1335,False,False
118,vjgAu8XgU0k,109580,7760,171,1026,False,False
119,7NumArxzc9s,396682,13313,228,846,False,False
120,nwqGgR36MXc,1316227,62977,4026,8343,False,False
121,X6SaVOLRcF4,2011072,79901,929,3928,False,False
122,gZ1XyZF8b6U,840843,24876,856,3117,False,False
123,#NAME?,244830,4447,1254,893,False,False
124,dwdjmGGy95Q,788158,21707,753,2271,False,False
125,pca-BHt8VsU,450569,3124,1160,10140,False,False
126,c2UgUEdyMKg,201457,1580,823,563,False,False
127,vw1tgc2cJuY,198319,200,191,277,False,False
128,O6BODAJVYc8,920639,50021,7883,12618,False,False
129,7pbyoNwmcpc,2192403,64926,1918,4506,False,False
130,TeY3ijusHns,203274,470,144,1380,False,False
131,xLserXBaKV8,154501,1441,58,33,False,False
132,NFFbdgZ-zBc,16486,203,11,135,False,False
133,ix9GNmWq8bQ,75384,213,40,59,False,False
134,EdUI-NLLBKA,837060,3838,560,3286,False,False
135,tfaGleA4qYo,976479,7660,1558,1728,False,False
136,qS6LoRYUdhw,804878,35094,489,3320,False,False
137,p2zUR4UpEM4,670964,26471,382,3579,False,False
138,PJBmeqpw3DY,2125207,44744,1280,6162,False,False
139,67LnlgA_Too,235948,9376,581,501,False,False
140,k4-RIUJRMuI,415115,22843,155,1264,False,False
141,Dh2H5ui608U,314119,15998,171,2153,False,False
142,IuoZin56fLA,812691,8571,493,195,False,False
143,D_VS_rQ-vSw,1303802,53103,1033,3519,False,False
144,l_lblj8Cq0o,5051587,255347,11130,21809,False,False
145,Lj6Y6JCu-l4,441590,40550,655,2429,False,False
146,w2A8q3XIhu0,461364,21186,249,1275,False,False
147,m5JWmB_Q-Yk,288418,2136,305,303,False,False
148,tpa4kp4lK60,1270699,121212,1664,25892,False,False
149,6MiCrp2AHH4,29231,1195,25,325,False,False
150,oQttQdTVAN8,285487,6016,163,2175,False,False
151,nh9QUpwNxsg,1104089,27790,1239,4438,False,False
152,cCHOI39nJPM,941752,69171,2324,30155,False,False
153,A5og1md7Y0M,378220,26674,258,8753,False,False
154,ig6xEJ-g5ko,5181,194,2,23,False,False
155,S5UWq3DI6-k,313891,32797,264,7086,False,False
156,S9Xg6iUxYXU,494062,2941,1500,1807,False,False
157,6-tTRVURjGw,507660,9265,235,1426,False,False
158,PGRcxXLfWrM,2013496,49620,9963,9426,False,False
159,PoboJedYi2Q,945668,66340,1225,783,False,False
160,zxuvr9tN924,150974,220,65,201,False,False
161,WIWgdHYYQO4,163125,5040,97,609,False,False
162,2kCbFmjEi6A,211742,20951,110,2245,False,False
163,1TSVHDakIv0,280499,5605,200,453,False,False
164,ZOfL7930zec,194376,10668,1106,956,False,False
165,r28ffzOq7pg,62371,1034,101,603,False,False
166,z5WrgDzNIZ0,7064475,392523,29483,66308,False,False
167,SsyUGltfuZo,1306647,96396,954,6945,False,False
168,TheDnv6uSaA,539281,20361,242,3799,False,False
169,rDrhMzk9kbo,673851,44062,439,45843,False,False
170,mW2NL3qx6Ac,153990,902,34,16,False,False
171,seGgZp-XYdM,611039,25022,291,1168,False,False
172,pRTpsCsLdno,176845,10385,81,577,False,False
173,fPCbxdAuMGc,211445,24487,212,4023,False,False
174,vFQ8hsZsDkA,359543,12323,174,1996,False,False
175,hV23YfxzTMA,11276,327,17,1,False,False
176,FtBYiNWecnI,18511,140,33,28,False,False
177,TsTrjP2tSQc,88408,145,62,31,False,False
178,32rRrPONTVw,32937,53,4,57,False,False
179,ukwtV6sVl-E,642165,36422,1456,7898,False,False
180,1fhdHPBqUa8,295943,22029,317,3242,False,False
181,5HiuI5gHKfA,91797,5235,78,599,False,False
182,UbmGPOHJYpA,1863491,29175,4595,6455,False,False
183,06BLwc1XSis,1088888,2245,496,2656,False,False
184,DaAp7p3ZkIs,881450,6775,459,3263,False,False
185,cWvTb-5bjFc,2294720,104305,3226,6139,False,False
186,wswvNZveNHc,619365,11306,5766,5241,False,False
187,BVFN9if4Ztc,604928,20036,814,3026,False,False
188,KabUi5XN8vg,460100,21444,464,1809,False,False
189,2vPw8QbzFTo,1241757,20076,772,3300,False,False
190,SKV6h_5XFbk,9153779,229492,4077,9533,False,False
191,QxxD3EAq_qY,4083,115,1,10,False,False
192,nKasG-4PKG4,68187,1660,112,1489,False,False
193,Y98FdMjOh6Y,86562,264,35,103,False,False
194,1ls1Xa6bIZQ,61323,4994,57,539,False,False
195,AnRkugr7r2o,1462289,105554,6374,17047,False,False
196,oaJoZDJMQyU,339914,12554,214,1426,False,False
197,pjZuxJ3o_TQ,140724,1169,61,61,False,False
198,SO0HTI8QuQU,229334,7180,221,240,False,False
199,lfN3wZDaiv4,6389668,394968,19174,40755,False,False
200,NYMcACJLqJs,1862357,41625,896,2146,False,False
201,hiqEFs2okMA,158301,6283,169,1004,False,False
202,6X-d9wqJfCE,205991,1418,151,151,False,False
203,oVsQ92LVddo,924073,28026,681,3164,False,False
204,8ap3UjZhd-U,557500,5162,1033,0,True,False
205,TKvMuJoNdEI,939800,2866,432,662,False,False
206,vi8y8PxW5h4,665956,32578,564,6011,False,False
207,T1B1CxmAXLk,1491029,7509,1450,966,False,False
208,FepIkIILumA,15125389,454599,21411,32803,False,False
209,BxxFNkNf6q8,2025937,41926,2069,5341,False,False
210,3SfZKkrwCIA,526070,33355,631,10187,False,False
211,jzLlsbdrwQk,4475322,83846,9655,10404,False,False
212,KSdmOeSm5ms,408487,17953,350,2253,False,False
213,Dto7Nms-Xo0,8478489,77598,12355,3981,False,False
214,JJaOjiANqbE,503629,3497,365,696,False,False
215,RRrFRoGfXlQ,295794,24925,186,3678,False,False
216,NoUcOismOww,203524,1505,45,247,False,False
217,3dlZyig8osQ,144788,1175,161,671,False,False
218,4UuhZrtA1Sw,484452,4425,115,343,False,False
219,nLhjbuHonSE,431551,2454,597,287,False,False
220,QrKeTpWyRFs,5959,60,2,11,False,False
221,cxfIeFEaTHc,987890,6528,1261,5130,False,False
222,CeQq-W19js4,70732,932,16,242,False,False
223,f6Bs62yMlqg,237347,1431,134,182,False,False
224,G80BTq6zIkg,143666,849,55,128,False,False
225,gNU2LysoxpM,280027,8272,301,3245,False,False
226,dDGokZjoqHM,171453,397,192,148,False,False
227,alETHGFEpuQ,90149,557,67,103,False,False
228,IN4cCNNDHA4,33890,686,24,147,False,False
229,-3b2Fov6iQY,16245,513,22,53,False,False
230,jlG0zlSm4zA,144919,535,161,31,False,False
231,qpwnMTn0K2Q,257161,1711,289,169,False,False
232,G_ZKYIRhb3Y,67474,862,17,41,False,False
233,d-Dn2UFOM70,2636538,85990,13972,18983,False,False
234,lddXMBv8hHE,253532,14522,300,1146,False,False
235,0mkRgPGncn0,644613,2770,75,914,False,False
236,DTGxzYo_YyY,1546364,90023,1053,9763,False,False
237,Py8VDZKrWEA,131547,4333,76,738,False,False
238,BOPFQTlrOmU,361736,2218,292,386,False,False
239,efOa93LFSQ8,94079,6545,24,616,False,False
240,u5lxsBjCGc0,13940642,121444,4667,3918,False,False
241,g4Hbz2jLxvQ,10997686,336017,13271,35648,False,False
242,Yj_Bc9hdHa0,338773,3911,998,3767,False,False
243,RsuYAp5Myco,1734630,9490,946,1105,False,False
244,Fi9j_dtPU2M,633993,4430,855,284,False,False
245,F0M8X4anS0c,435949,35518,769,2861,False,False
246,Snrk9ug2VFE,9083936,0,0,2593,False,True
247,39nNRQ1gR3c,3790864,149079,4184,16369,False,False
248,9ynR5n97qCI,1033344,32842,825,1078,False,False
249,j-ivAyqJh0Y,951618,7053,1171,960,False,False
250,jua2rmJg7hI,426620,3838,638,2390,False,False
251,y82iFW1fzpY,22132,1143,13,89,False,False
252,uUvgMnzplt4,1741871,126168,1374,11036,False,False
253,p-yIGS9eW-o,784361,7365,439,951,False,False
254,R_fSq-mmK2M,632959,15254,466,3679,False,False
255,JrnSfMggWIQ,62249,994,107,182,False,False
256,RK45yp8uyHA,153251,1186,67,641,False,False
257,kYJFCHTS9cA,942015,75363,1668,4265,False,False
258,SrQl4CyvWUY,245912,3473,170,956,False,False
259,azFsk42kb5E,978719,28033,239,1374,False,False
260,rsEne1ZiQrk,221160,27517,134,2587,False,False
261,hWLjYJ4BzvI,2578168,72967,863,7751,False,False
262,MQCbYju-GXQ,867932,6989,475,1360,False,False
263,CFatEWNx5RQ,762937,21708,417,2661,False,False
264,I_u2a4umkCk,309176,3007,257,2002,False,False
265,IM1oxebrsp4,940179,22067,785,3335,False,False
266,Sb_hCbZ80aQ,1668355,28471,1858,1463,False,False
267,kR523F9XZXo,110306,2438,159,493,False,False
268,8uVt9Fn7xw0,372710,2314,623,2726,False,False
269,40HS_V_8v7c,342544,2070,408,275,False,False
270,Zd3dd8DLBpc,180668,5269,231,621,False,False
271,sokPIM7npF8,285698,27723,305,1206,False,False
272,6dR0kex7UGE,171459,7719,188,907,False,False
273,8EkIKtHQz5Q,316150,5339,376,1232,False,False
274,9DUfFHaUpxg,1226985,35641,402,2069,False,False
275,RGzv_s-j1wg,429075,17634,376,4461,False,False
276,qUmfriZoMw0,10856602,35572,1232,2633,False,False
277,7rOQv_6L9fQ,2494584,35785,7591,2486,False,False
278,0WPYpeJA__U,35467,227,8,48,False,False
279,hCk3CyjlTH8,331579,24811,108,2432,False,False
280,xDd9G2X6al0,774005,21507,384,3834,False,False
281,ieTdvQOH5Gc,144609,1584,23,548,False,False
282,jb5bodJOUD0,898666,3741,670,160,False,False
283,krGrMPMcLFs,503828,11869,540,224,False,False
284,HX3tKAcCcxA,640268,38304,630,6510,False,False
285,fRc10tCB3Do,162648,2048,158,294,False,False
286,hL6yWko4vS0,190871,1655,198,233,False,False
287,1YOKB-bLaPg,74864,626,47,183,False,False
288,WhnHKIT9124,420629,1751,384,158,False,False
289,kouLVHEx51k,326356,19285,109,2176,False,False
290,J3n_RspaavA,1606780,75870,536,8201,False,False
291,no3puNSK6BY,26971,880,3,193,False,False
292,cQ54GDm1eL0,2961991,58948,9704,7012,False,False
293,Nh3oZwuEYHc,831301,106406,830,4106,False,False
294,MC5ChT_D894,267240,17948,421,1300,False,False
295,4V38pzhWwCo,1785835,57075,1665,10454,False,False
296,6hNCEQpjKqE,243300,31557,1180,3560,False,False
297,xnwhYVE6_BM,479853,5469,209,748,False,False
298,J6TRJ5ShyK0,83022,2282,94,191,False,False
299,29zlbazAvHA,2675314,234965,3600,14799,False,False
300,aizVxy4Xytk,851391,37755,3983,30189,False,False
301,zMxIW7uwDGg,10003191,114960,6844,9965,False,False
302,eMmfNGXdXo4,190060,12668,113,950,False,False
303,sRyJZJDjm3M,200459,785,176,55,False,False
304,3p8uI5oCJwY,132160,808,95,111,False,False
305,No99lbNwBg0,74983,3348,47,183,False,False
306,s9IwamztdqA,279951,10973,471,2541,False,False
307,tiF9SzzzX_o,468415,9820,1043,1100,False,False
308,thOm3ERcDa0,130964,5427,68,668,False,False
309,eQjIQoBFBb0,1832369,76734,3011,25701,False,False
310,ORIpWftFyqo,5099701,141207,6236,5262,False,False
311,zQlpcWkZPf0,1754,60,0,16,False,False
312,DlFmfxACvig,305959,47782,500,5911,False,False
313,SLL6gpy00WE,2056151,31270,1696,4350,False,False
314,VP_ki-W3cLY,3546471,136895,2216,4776,False,False
315,HZpI5BsW1ZA,508632,3892,213,1978,False,False
316,kjS0QPfl_9k,1484619,53962,2253,9058,False,False
317,AdQsDopZfS4,2923789,7620,986,5220,False,False
318,bhAtmrm0mwE,194851,1222,411,274,False,False
319,bjDNH7bFP14,944475,1373,440,30,False,False
320,t5V9d07aIBQ,635518,17504,639,6722,False,False
321,7-cp_xLrHzk,1130986,38314,858,2526,False,False
322,wes6mVmRSeA,294728,3192,64,424,False,False
323,OUBiz4B0UvA,1516644,19901,1010,2481,False,False
324,TTxXQyySQ58,86942,14827,114,770,False,False
325,lTDeQBwmZIg,133230,1920,155,1136,False,False
326,exx1lUDR30U,1310130,66434,1884,11066,False,False
327,Vw4Hr-IKXGk,221017,1973,159,86,False,False
328,e-0YnJlFPeE,5299482,131433,3995,6997,False,False
329,UVrmSi724D4,1580189,38360,528,729,False,False
330,cRs-wBddqZk,189496,4364,130,1321,False,False
331,xNNxGzBfZ2k,443983,4078,248,470,False,False
332,Nu1mCFToXxU,642342,35671,247,13698,False,False
333,RQaVzbxZqXY,8566331,243529,7235,9222,False,False
334,urOhWPAS8OI,581881,26824,435,6658,False,False
335,U6kl5xqQofo,3841044,17735,2966,2432,False,False
336,yLeQuz8YzIs,35640,467,39,323,False,False
337,_2d8BTYMcIE,165309,4938,112,1199,False,False
338,XzXBq8KCw8I,96504,4866,186,957,False,False
339,BsM-LN_rxCg,244423,19304,120,1817,False,False
340,lT-vH8nJASo,341849,1672,538,2405,False,False
341,Nb-_ezmgLvA,226733,6730,513,1081,False,False
342,Mybvh1K3YVs,206221,7325,144,951,False,False
343,SvPHcQvOCe4,515622,715,459,1324,False,False
344,eYZ1Jh2gVUg,387856,2608,497,377,False,False
345,ccgIXa7TIkc,654169,6951,1225,1961,False,False
346,pca-BHt8VsU,533787,3634,1332,11632,False,False
347,BGRM-KYanuQ,79326,2599,77,751,False,False
348,mJQRgnpCSUQ,68846,1878,44,327,False,False
349,JZSmsDvxKek,140058,10350,500,3721,False,False
350,D2ITOJxgfeQ,958341,85287,643,4249,False,False
351,0HX039UdGpU,1671521,48592,3250,3827,False,False
352,BJpQIcXH90g,12768,73,4,10,False,False
353,U-F7OaC0pQ8,1767997,51615,1824,3017,False,False
354,Mvu_Tfn3mVA,33993,1227,29,527,False,False
355,OBOm_jatVCI,1196319,26617,645,3221,False,False
356,ibBNRNN1c3Q,28328,51,21,56,False,False
357,sP3EHBr3mGA,234352,10159,141,553,False,False
358,kYbmlMJYVeQ,30206,233,43,63,False,False
359,gQqi_Vm1oqU,882311,15890,720,2883,False,False
360,DX5_o-mumvE,875544,26201,1606,4936,False,False
361,Pokk2uia5-E,594926,16073,226,2201,False,False
362,qSx94UIEn0U,179014,1495,377,1208,False,False
363,KuPKjrzeDlk,106281,678,47,168,False,False
364,jZwlGiSPb3w,346757,1855,384,162,False,False
365,ykebaQNF9cI,121514,333,66,286,False,False
366,gP6uGOLeG0M,43732,425,61,281,False,False
367,1l0nG-1SFVk,445160,13186,391,1315,False,False
368,W2C2LHE0szI,828071,42444,2193,6273,False,False
369,TITlnMA7bH8,2058768,147166,3421,6653,False,False
370,ixQ0GrnfIco,164448,0,0,414,False,True
371,#NAME?,464265,12477,291,2223,False,False
372,oidnwPIeqsI,296340,10015,135,1230,False,False
373,6i2cebTn0nc,1279985,63959,1331,10789,False,False
374,UNdd_MotqrI,247534,4426,154,255,False,False
375,7Nv1KoqM6vc,2872226,28780,1476,2049,False,False
376,pcWKpGzhgq4,574778,7517,154,515,False,False
377,RCJfwEL6hkE,426653,4176,183,489,False,False
378,zM65IkGfNRg,119685,1773,134,372,False,False
379,0rreXyz0EVo,111675,6818,72,604,False,False
380,PLcm4U2E4yM,142159,9766,81,1252,False,False
381,4ckRY0DlDEs,1339489,63072,1209,9425,False,False
382,VKW64fQwzRc,44661,379,28,284,False,False
383,x2KAYep8FwI,1168487,24878,788,3465,False,False
384,OChD3Wz2s6Y,121277,7102,743,2217,False,False
385,nzNGEB1BQuM,740195,56077,1256,6644,False,False
386,n7YddfDo4N0,275241,27259,274,2712,False,False
387,bg3hJuBtE-8,3411918,70498,4985,3957,False,False
388,#NAME?,241896,3049,142,1683,False,False
389,kFSm6gany_Q,1423657,17983,1423,1293,False,False
390,CP6aYDssDSE,470720,14636,793,2842,False,False
391,CxBj42JhqDI,743799,79239,762,19318,False,False
392,sjVqDg32_8s,3967200,41742,1500,3896,False,False
393,3RAq5lbNxJo,36246,66,10,31,False,False
394,4QDDxmtbUsw,1031566,40447,266,3322,False,False
395,ocRMfJrDRFg,762614,13506,740,1271,False,False
396,eiudTjsGM7g,1173382,30064,373,1737,False,False
397,BXnGUUsdnR8,677098,18993,1253,4876,False,False
398,Efa9BH-uvXM,161123,1063,135,141,False,False
399,_2GJHX1iC6g,151795,2406,167,408,False,False
400,ddvX9eaUSgc,12836805,26154,11802,823,False,False
401,xLkHEZTSeoU,2983150,132086,4997,12511,False,False
402,J3gciAsltCw,500583,26511,1763,9310,False,False
403,iggOs5y7xbk,299731,4917,716,1225,False,False
404,HnnRyhuX_jM,848764,19656,842,3418,False,False
405,SY14V2CgDNI,72431,580,177,221,False,False
406,W0Anp0wmXek,383551,10766,376,2057,False,False
407,XmzCr3Pehtw,2419381,229346,11347,7955,False,False
408,ij6-Y01JnWM,78716,51,25,12,False,False
409,#NAME?,2315,44,3,38,False,False
410,G3Fc_eOkM8M,1318836,80830,397,6655,False,False
411,l2EkjbyZ1t4,4776,35,2,5,False,False
412,1mYB8onrPt0,517427,8533,959,2950,False,False
413,xCwwxNbtK6Y,1257147,18035,510,3273,False,False
414,K8SeMivyqRk,1345929,7597,715,3088,False,False
415,cytyAgu9-bA,1928346,92292,606,6737,False,False
416,bz91MAdY6FQ,30661,147,23,22,False,False
417,OueYc1E3WZg,421956,13616,231,1064,False,False
418,wXqIjmcED0I,1329405,44479,991,5340,False,False
419,pvudzQs67w4,205007,2136,81,975,False,False
420,8R2cPhn4Eas,10272,445,8,229,False,False
421,4cxSvglcIN0,7435,49,4,8,False,False
422,aGl-1nwahCA,1384556,39463,1354,3593,False,False
423,GIX1oKxt4sg,405921,11507,894,2464,False,False
424,Q3L0gArhmaE,2447039,219015,6262,26303,False,False
425,i8EJkbADR3o,558307,2423,255,2758,False,False
426,eKR_n4alu3o,970857,35299,506,15616,False,False
427,5eAmJtvgQyQ,564675,984,472,314,False,False
428,eT7MhNj_oTU,66579,599,66,62,False,False
429,1RHbLxQw-sc,615241,35344,719,5713,False,False
430,LVDZu7nbdcs,567196,20076,132,1805,False,False
431,jNgKSbrfOX0,112879,4491,75,750,False,False
432,JFCWmQD1jms,144207,4378,121,466,False,False
433,FvVN9oaHtdA,121468,422,71,37,False,False
434,k9ixzuob2rM,121305,3922,197,317,False,False
435,FYPRiI_GiaM,416033,23786,11243,4184,False,False
436,eWtSEFGJDcI,119596,6220,100,814,False,False
437,mXOTJ-tluUU,166174,3575,131,175,False,False
438,OW0Wt30EeCc,359666,5295,111,309,False,False
439,__Wd-iOZQ6k,1354590,60899,799,3516,False,False
440,Df9UP6_7P3U,429785,3972,433,1864,False,False
441,au2n7VVGv_c,14333437,588112,11251,25674,False,False
442,FHu8iWUaXDE,910419,22425,728,5759,False,False
443,WrEipvb5kAk,210518,5273,242,732,False,False
444,iE-DWLOolUs,267576,24095,763,8908,False,False
445,PJbZzM6ZsUg,453515,4307,2195,1620,False,False
446,kZYKnREz9Vo,145565,5483,464,1009,False,False
447,rJNpWgla9QI,789741,6530,283,1909,False,False
448,E9pIhue2lSU,649142,14931,790,2548,False,False
449,SXMhL_UoVWw,835517,49372,447,3763,False,False
450,sstkfBL0f2M,122594,233,53,91,False,False
451,WA0Ek8RT20s,2648082,282046,31931,49026,False,False
452,jxpfLjupMQU,596513,17418,563,3419,False,False
453,zlAqizx7Lf0,2970259,216377,6551,22433,False,False
454,ad_higXixRA,2841864,55055,2432,4420,False,False
455,Wd_idMpg_qQ,1269768,99560,1662,13697,False,False
456,Yolu0WUcDgs,570280,833,235,20,False,False
457,rdFXddVsUuQ,670962,32068,1653,4169,False,False
458,HoYPSfR8j3Y,1477868,36289,960,5283,False,False
459,NEYU_5LkjHY,58662,809,11,110,False,False
460,7nKZt8uz9ZM,1174711,5859,82,535,False,False
461,ppLEscB5EU0,259009,825,320,1483,False,False
462,1P27Q5C9cfA,169845,1582,44,117,False,False
463,1EVOg27S3hs,465284,3829,770,2444,False,False
464,LxVfshdEKt4,356037,16718,333,3947,False,False
465,Xr2rgT9uEnA,2226213,91095,2358,6032,False,False
466,F-vDHgcRBkI,275153,548,105,790,False,False
467,x0VuQjEXMF8,164468,6057,166,1722,False,False
468,OVRjkAjE8j0,205749,4277,305,440,False,False
469,2LdkXT7Oo6Q,179399,9064,137,819,False,False
470,QWlfnT9jsBE,51001,720,39,214,False,False
471,OjmcKNa3w40,818943,77692,301,3997,False,False
472,X2IX7SGcnCQ,102183,864,441,1352,False,False
473,Yav1kBLXMxI,314049,12692,252,2772,False,False
474,jSYgh4z1-dg,555405,5544,750,1377,False,False
475,PjK5P7NMyWc,164817,9629,250,3699,False,False
476,Z90T9riY8Xs,1993340,35379,1729,2984,False,False
477,iTYbdZRfWRE,248679,7312,468,1022,False,False
478,oFwabWdExsA,358161,11577,211,1484,False,False
479,kdDyAw0ihq0,322136,1785,346,201,False,False
480,6o54Y7dhOus,42360,2580,33,781,False,False
481,LHN_0NO9vhA,537419,2867,996,293,False,False
482,_rnXqVRBuLo,374886,2560,217,764,False,False
483,jOTjqXi0844,90912,463,69,121,False,False
484,eY4Q-JCwLGc,2752,27,0,7,False,False
485,C8xRQChtavA,202804,1539,172,239,False,False
486,dnpVNfHMlY4,864342,13834,682,3725,False,False
487,HAilzI5VS68,619334,32884,515,3280,False,False
488,_MOVYyJqIdE,551398,11588,92,458,False,False
489,5JjPfpSrtvY,3394865,31019,2458,5704,False,False
490,KUzhD_wYgFg,122897,999,45,53,False,False
491,B50LsAKTT6M,110190,298,34,63,False,False
492,fuNNIBK_mN0,672898,13684,630,5434,False,False
493,Tk0v91GBriw,103141,771,105,718,False,False
494,pg3giOoFv3E,479802,6953,3610,8402,False,False
495,p8vbUmeIv1Y,194967,2281,131,537,False,False
496,7idh9veFtdQ,631694,4889,341,2268,False,False
497,w9VFq0OParA,739196,7649,680,2291,False,False
498,0_OlKhGCsFA,881215,67815,627,15024,False,False
499,OFWudk6aIuU,514452,22888,664,1426,False,False
500,42q_QzozuuI,291331,9537,227,2364,False,False
501,hgdtr4yvV9E,160508,4016,175,409,False,False
502,2kvKTkM9OJE,1355686,120824,1207,4195,False,False
503,c0IsvrSpcx4,96681,16008,91,771,False,False
504,8qOkpp0o1ng,9705,277,6,142,False,False
505,eDkL8G2ZZQI,254009,509,313,114,False,False
506,Sl9npEDYeLk,15462891,455530,19488,43986,False,False
507,J7GVeIcKIBs,936013,8948,1756,1089,False,False
508,ekvi8tVYem0,4309736,176532,2584,9590,False,False
509,7sPgevOO_Jc,53566,372,39,155,False,False
510,TcLUJGRKhic,94494,237,186,184,False,False
511,sesUrzFWlQ0,1330218,60253,1527,8760,False,False
512,74hZN9i2eEA,2990169,98284,1422,7569,False,False
513,ibQD3haB0aY,9540,82,6,18,False,False
514,dAVOp-oJmPs,51356,436,27,63,False,False
515,P6ODTQKhaXk,3841519,195719,3220,12234,False,False
516,Rtp3fF5G1iM,607054,65289,1094,6796,False,False
517,9mwM1VB9qs0,712598,9058,510,869,False,False
518,EWX6O-OTwZA,340200,18843,232,2099,False,False
519,VUN025E0PrY,219895,2365,221,1486,False,False
520,pCjY3ZQY8WY,3656432,112111,1503,4857,False,False
521,uiXCtHIJfWk,198164,4582,77,677,False,False
522,Q9aW6r8mYWU,538247,25266,328,1842,False,False
523,kvLeLgb5Wyo,222825,15453,152,3303,False,False
524,1yAJ4MH8mss,139370,6034,112,741,False,False
525,J5b_-TZwQ0I,7316184,154985,12973,29590,False,False
526,lViakh9YI6Y,829786,29163,544,2386,False,False
527,VfbCi_7L7v0,447618,20271,133,2969,False,False
528,QNkVT0E4T8c,76763,35,9,59,False,False
529,-6b65coGHRY,852956,8224,950,726,False,False
530,#NAME?,278088,12069,521,1143,False,False
531,rhQ3WiOjSts,200594,2042,57,102,False,False
532,r5nAAiHRF5k,241426,2911,124,1038,False,False
533,zZGT44lHeXY,79932,3535,225,1669,False,False
534,q2Gwrz7QERA,13690,2377,41,890,False,False
535,qc_VLyxUqbk,86575,1146,105,194,False,False
536,l25AL0BdD6w,2733902,138652,3204,10503,False,False
537,_1LdMWlNYS4,174081,9146,114,835,False,False
538,iLZwZX39FXU,2371010,6811,1500,2775,False,False
539,nqzIQh2D_Es,258041,19527,975,1913,False,False
540,FSX5rlsPAK4,1031344,2556,790,201,False,False
541,YHmYop9Bc_Q,4325734,42246,1003,3417,False,False
542,ZriAMwor25M,123414,6296,93,962,False,False
543,prmQgSpV3fA,757804,35596,284,7152,False,False
544,r_Ak1JS7qMk,109870,593,33,41,False,False
545,gjXrm2Q-te4,2742344,89376,1373,5077,False,False
546,gus-vFNzexs,753796,17113,187,3400,False,False
547,DRFzldUDa-Y,240301,16833,174,1395,False,False
548,aj8mN_7Apcw,5721665,47679,6866,11184,False,False
549,XyABTf6NQ74,204494,8127,618,1324,False,False
550,kpTsHXbnmaQ,1677455,79828,2313,9115,False,False
551,P3Cm3nMPvxs,315738,25194,2349,2550,False,False
552,H9Sy-UzuZKU,50692,3785,15,386,False,False
553,urk_kp76RoI,418689,40628,1038,4520,False,False
554,ddvX9eaUSgc,8307705,17275,7793,413,False,False
555,2LF_WLiyM54,625806,16065,605,1595,False,False
556,hPftq7ppMe8,3727,3,15,13,False,False
557,MsyQ3na4HNA,109353,8685,47,743,False,False
558,Hk5bgB77VHM,4565455,19756,2591,3527,False,False
559,X86DhwFXHUE,60984,343,282,1117,False,False
560,MSpcdzwBatg,2566075,133056,21772,43905,False,False
561,pobQxp2-cPw,893904,33972,532,3894,False,False
562,V_RydUFmBoQ,182981,1265,55,147,False,False
563,Dan2YMDCpms,3919778,229814,3067,16046,False,False
564,V3MbY4zFzvA,678077,6745,375,1314,False,False
565,GX_g9mjqFxA,104845,1124,52,132,False,False
566,KOkZwj-uMtE,197179,5659,168,313,False,False
567,NiJ9qFlozZc,980577,43449,1733,5902,False,False
568,6GvEmwNWFvk,103466,16180,147,2182,False,False
569,Gx5DV5zFKlU,713642,21916,823,2402,False,False
570,aoY0J5jSbTM,1281075,12849,198,620,False,False
571,rL3y-7Fzmyw,98695,1264,102,1107,False,False
572,hAFTwPPZ1i4,213771,2909,300,1071,False,False
573,oWqO36Zj65k,904668,27031,513,2730,False,False
574,OMoY0SoP_b0,345984,3089,714,2571,False,False
575,yFt6wpGd7PM,735851,4056,1274,661,False,False
576,vAuO3bHxSpc,1045685,71307,470,6494,False,False
577,QNXHLGC1FuA,135608,5128,96,736,False,False
578,97Gh93Daio0,453753,26818,437,7277,False,False
579,EBt_88nxG4c,13469626,414639,16809,29968,False,False
580,kzqig4utv5g,139156,243,44,343,False,False
581,9UWQ4faKkik,706099,28768,400,7517,False,False
582,ckXRIE61YbM,105687,677,69,67,False,False
583,Yjq_9-lWsVQ,321997,2325,194,1221,False,False
584,R2BWjkQ5MMg,423903,17612,138,3763,False,False
585,FADEXvLGJNU,289010,1864,192,533,False,False
586,RBHZiCo0DmM,430081,1760,383,247,False,False
587,VHrXy9XsIBw,1286291,108222,10396,14135,False,False
588,Ho9em79_0qg,53435,1942,20,240,False,False
589,TF3deVRaxSg,221112,1697,491,0,True,False
590,e6hBdSuZQtE,16848,680,7,19,False,False
591,589tgotIxLM,525293,40529,599,4215,False,False
592,z2FyAvKZ2Zc,34088,2280,28,243,False,False
593,#NAME?,492296,16314,386,1919,False,False
594,oEtZ6KiP8mg,230670,9388,78,1614,False,False
595,p5qQc9c9b4o,78904,359,26,112,False,False
596,K674LKBUukk,2114724,38171,1596,4541,False,False
597,cgexTg6KRsQ,322051,10492,303,766,False,False
598,VY1eFxgRR-k,11880974,854238,25293,53600,False,False
599,g_SIPWSJIiU,271667,6304,109,1534,False,False
600,Wwjl0tmEyEM,72797,384,33,17,False,False
601,7tKmcZob5BM,323923,15442,301,2450,False,False
602,Bhck-t4adLU,380327,9192,157,695,False,False
603,e8yTGQW8cps,303702,2601,716,190,False,False
604,qdywyua1qqg,6202999,26278,4067,787,False,False
605,wn57ZVIp1L0,417825,8872,677,1009,False,False
606,EP_G1wNkD08,1025885,52784,3222,6728,False,False
607,3h9HdMhm6_s,168319,8656,230,1179,False,False
608,gIDht-wr3zc,857975,50439,737,12747,False,False
609,ocZqvs7gUzc,37857,163,14,53,False,False
610,BmkSQ-_1oTw,2106111,43482,2001,4283,False,False
611,DnB81w08KAM,885575,23515,290,4151,False,False
612,-4469zeATws,169736,8359,237,1572,False,False
613,ltOltc5MOW4,252022,3308,317,654,False,False
614,QGoW0QQdLZ0,368207,9991,162,1283,False,False
615,uZbs4wvM_ao,466110,32614,201,5228,False,False
616,euRUiDkBGvk,695888,31353,3367,5246,False,False
617,rtiwIkQYUko,1142051,30954,1187,3778,False,False
618,c38shp4APuk,494509,1750,384,170,False,False
619,B9nVxg3DqAM,1404166,42997,1246,9548,False,False
620,ES-s9KQrUTY,1265037,75101,1878,6120,False,False
621,LGp7LlaqHEc,431742,13396,887,5331,False,False
622,IiU3ZJXKG7g,132789,171,51,153,False,False
623,Gk8278ZJdN4,240821,3261,275,673,False,False
624,gzftYBJ4xSQ,566908,26601,116,2361,False,False
625,0oj_NpgyZ5Q,837867,36675,549,16619,False,False
626,My-BcgfkPII,383123,3916,356,3196,False,False
627,ssVrzoCgr_w,1577521,15755,694,1892,False,False
628,JczzDGg0W2c,83191,4351,30,883,False,False
629,lelkwk8NHmM,11123,29,7,0,True,False
630,Y5PvmIruT0c,165934,915,104,171,False,False
631,72hlr-E7KA0,373453,15830,267,1198,False,False
632,#NAME?,1045258,29564,550,3893,False,False
633,BJDrepc-shM,151566,1323,233,395,False,False
634,uxbS6j1B1Ps,155131,6557,81,509,False,False
635,FelD6sjhsL8,408471,1196,287,562,False,False
636,_vwA94hYG0U,406980,20065,203,1630,False,False
637,csDI2JtSDUU,269061,1343,207,391,False,False
638,nLpqZEAFnkE,7475736,262654,17393,28993,False,False
639,xPolwJyjb4k,422252,3465,66,258,False,False
640,BBYCVYqS4T8,403250,42283,208,7588,False,False
641,Br8r5qLiu3s,65878,2657,101,942,False,False
642,3bzlb22qTvE,451464,14193,376,1468,False,False
643,yd4T78x6Zhc,401875,17364,501,2763,False,False
644,aubTgsFC4Fo,996261,26687,819,2571,False,False
645,iQO9yRutpso,2149866,29771,2263,1064,False,False
646,tzq7TskZ8Wc,2755971,261198,2065,13037,False,False
647,pP6r2Gy_dTs,712290,17066,611,1255,False,False
648,foTr-nfrvTI,1837686,78569,14988,12964,False,False
649,qN8DRJ8OMcA,482320,34826,248,2885,False,False
650,5f2IaWnY4Fk,303232,15101,157,1606,False,False
651,sF3H48pN4Ao,198677,6984,150,2067,False,False
652,Y3BA-O0dNH0,39748,2108,44,169,False,False
653,ynJm_HQfyW4,1335925,7878,461,641,False,False
654,5nHCpyHzaU4,377002,19376,194,2709,False,False
655,_fVUX6-7VKE,795360,4989,801,2755,False,False
656,zuamC-WhLZI,26270,66,7,73,False,False
657,Duc3F700lgE,534602,8151,359,1539,False,False
658,ox1gTZU47uo,209008,1669,106,866,False,False
659,dS-9OS4qTi8,50704,171,33,55,False,False
660,qEpdEJNrLqc,554511,21235,826,1823,False,False
661,_Jf3yhlpRL8,294004,3491,537,1338,False,False
662,F4uWufIRUDg,25651,1446,54,395,False,False
663,Oapebl0bADA,1187128,75762,871,4106,False,False
664,R9Z3BIoH41M,70186,118,20,116,False,False
665,6uGQ_ypTw08,800886,50334,793,4396,False,False
666,0Le9b09TfTo,163055,2430,786,2638,False,False
667,nWc-bIEOtQo,185299,4654,75,1040,False,False
668,rsEne1ZiQrk,11364107,401558,6736,20180,False,False
669,KLMcxlT8zEQ,33653,323,14,67,False,False
670,gN_L27itbTA,1914518,292385,8701,27180,False,False
671,XGgqTcnDg-s,156108,1861,200,307,False,False
672,#NAME?,855521,29283,268,3118,False,False
673,5EPJqX1vmFk,440824,12104,158,1676,False,False
674,o7k7euAt-E8,449210,1249,413,79,False,False
675,T732vvf9QfY,405459,10777,272,1665,False,False
676,oNL_eKg_TiY,229066,15382,446,50,False,False
677,VW38tyCVAUY,84315,1087,57,131,False,False
678,wMcTCu-PcsM,103429,6565,92,853,False,False
679,pOWq8Y15WNY,219588,7784,60,1121,False,False
680,NcOmVLnaeFk,780890,52917,534,3427,False,False
681,VXQ1FD77egw,412342,14023,727,2358,False,False
682,X2GJWR3uN_U,2349330,39571,2344,54599,False,False
683,Ivl044_cFS0,168970,1472,74,527,False,False
684,LPCxBsECSQs,516980,5685,217,633,False,False
685,Oh4kio5hYn8,1401237,70836,1178,7866,False,False
686,t6jLE2PIOYU,1730368,41402,1711,1341,False,False
687,Qw9iXcumulM,3851850,14211,2200,1309,False,False
688,3nPEkZv0-OU,3970867,82062,2175,8898,False,False
689,RPE3cglo9o0,634249,27990,462,2881,False,False
690,dZQmi3aeUEg,417879,8818,589,641,False,False
691,leOoTaEuIbc,205729,7265,189,816,False,False
692,rDl3gAJpm_4,1432565,87676,1579,5020,False,False
693,SGtiZlq4n8k,366105,1256,341,538,False,False
694,9hi-h3iahHI,405176,22261,2375,8665,False,False
695,J37CSA16k7k,128704,0,0,644,False,True
696,atLL2Yzi3bg,911324,34919,444,1753,False,False
697,8b6IQQMRYCA,1390124,18997,608,2236,False,False
698,XtrKCe5JeeM,109180,541,18,16,False,False
699,lb1PqzE9h0s,354474,23887,550,1826,False,False
700,mkpINSUnDpA,1800253,24024,546,3570,False,False
701,Z1ZUWfsIsRI,253224,7432,257,1220,False,False
702,zUzBfBqbSmc,307558,46526,404,4888,False,False
703,LhbdBcDCd-U,1233596,16528,3856,2667,False,False
704,DZ6Ro2KkaYo,912240,5638,223,1127,False,False
705,doAq2FutWYA,1115523,5049,285,284,False,False
706,#NAME?,257101,1171,29,497,False,False
707,f0r_l2iYUzQ,697708,4554,3905,1565,False,False
708,UnwjBv38fWk,132791,1257,107,1001,False,False
709,Aic-LB6MUtM,14285,473,11,445,False,False
710,8Gj0Ir6SUuI,52760,5258,18,540,False,False
711,Fq-XD6Pb9HQ,66105,5738,46,732,False,False
712,yef_HfQoBd8,2201357,24694,1482,2703,False,False
713,4aAy2KGHX0w,349962,23602,306,2144,False,False
714,5TkalDZ7mtI,4549,180,7,47,False,False
715,ylcSnEtFAg0,48043,2760,64,375,False,False
716,LzzV-WF4ggg,257912,23393,308,920,False,False
717,ho0WBKPJtfc,823812,73311,686,9373,False,False
718,wW4JB9tjlik,858773,24299,5097,3902,False,False
719,Os9ce4XFS1M,226877,8239,146,392,False,False
720,ka0owW3i2tA,821825,20053,264,5780,False,False
721,wTeTHjpPMgU,2537211,30049,3793,3676,False,False
722,vorkmWa7He8,2171844,64448,8418,16685,False,False
723,YTiYQwk7Bw0,128316,5972,164,2049,False,False
724,_hMQe2U4c6w,6165010,263302,13616,18348,False,False
725,5tSTk1083VY,773116,21049,777,3926,False,False
726,3XklsSF53pc,399646,13557,295,1326,False,False
727,tRBsfAIg4-0,4616887,479065,46453,83862,False,False
728,6dI1HjBa9Os,75407,6922,27,799,False,False
729,bSJ8mpWBVeE,2524322,32092,2178,7971,False,False
730,HbYhXMY3VV8,1383902,54032,1376,7765,False,False
731,CuWXtNotvPE,26744,2139,27,298,False,False
732,tGUmbFFKvtU,991027,5898,542,3461,False,False
733,eUgrVCDUCtE,1258533,26730,3124,7245,False,False
734,7Cm67Z1ajdo,58240,1995,29,344,False,False
735,AXM0d9UfkY8,14422,134,10,18,False,False
736,gxepM2uSW9g,1767772,34271,574,0,True,False
737,59qrNc1J9aU,129394,146,31,245,False,False
738,IrmsHzNTSZ0,488304,21018,884,4091,False,False
739,lxpGg5AnQqY,41596,114,62,229,False,False
740,QZL2NrrhjHY,2418100,76311,1634,2195,False,False
741,2X1BQoM5_js,136873,1480,157,387,False,False
742,0MroWT4iN9o,84014,105,15,14,False,False
743,QK_iX5cPDhE,678272,19605,539,2560,False,False
744,zXHUHx4R9kI,1729622,108586,3975,7323,False,False
745,ycVc1jsaAA0,8267018,367668,5273,33808,False,False
746,4K8A3WJnYkI,169396,1702,80,228,False,False
747,ap5KamI-nRs,342174,12700,138,984,False,False
748,MqY-o3uuemo,736275,8201,411,912,False,False
749,YE0qGSCuHK8,115938,2139,179,840,False,False
750,1jFCPcG5CJA,590699,6017,246,3020,False,False
751,6cjU2dGuFjM,124756,595,144,30,False,False
752,3E6yqIkSW1c,974611,52796,1715,4740,False,False
753,MJg77yvjtW4,411018,1927,475,258,False,False
754,MtxSfrOI7Zo,137699,759,79,109,False,False
755,KspaKfSU49Y,814746,10629,231,1459,False,False
756,SDlSVE0X3Ao,514594,39967,472,14533,False,False
757,EJjh19zO1lk,1855095,29848,691,2485,False,False
758,MbyP-w4uOgk,1064943,38449,466,2335,False,False
759,bJB7-eL9xNc,451694,12327,261,2350,False,False
760,oQttQdTVAN8,123905,3285,90,1426,False,False
761,vSKEcHoouyA,314726,4741,686,2262,False,False
762,5bZ2yW9bDr4,1060809,12472,354,1155,False,False
763,8rqztDFvmZ8,1271178,53254,1641,8293,False,False
764,0l35jAGQPOI,5146567,415269,5337,48943,False,False
765,h39fZdU7174,319913,12634,271,1698,False,False
766,sjVBoBPiB-g,304163,1577,488,301,False,False
767,6c7aplyiJXQ,150634,4178,96,589,False,False
768,md7QC8bnunQ,508524,5481,668,2944,False,False
769,oe8BD55eYoA,557900,14265,751,1527,False,False
770,W692CShdNgI,86485,7645,236,1361,False,False
771,UPDm0WNYgkw,531639,21481,481,7766,False,False
772,r7ZSj8IbIqA,2321232,12236,1749,2050,False,False
773,6dy3Mi3iufQ,98374,7858,31,361,False,False
774,XF4_DvnNeCQ,460428,17936,1784,4301,False,False
775,RmJbi_3anCY,325117,1593,193,378,False,False
776,qbMLBCmdl6Q,6216,11,1,9,False,False
777,VWxnvPRa1aY,440964,4719,186,1765,False,False
778,b_RtkI6EUvY,550275,4448,201,2252,False,False
779,c0bsKc4tiuY,602939,37552,1259,1847,False,False
780,cB9_r4HSIK8,199520,2171,100,35,False,False
781,abT95p5iBkU,355862,6302,470,1310,False,False
782,dB2IV7ub2-o,12660,118,20,65,False,False
783,W2bov6kY7ko,120275,1233,99,67,False,False
784,dD5pu9Yv-zo,138110,0,0,991,False,True
785,nHO50-7l-Vg,1096441,39564,600,2623,False,False
786,_XHk_5kMWfk,97500,5146,67,510,False,False
787,mZKpOVRwCl8,447889,514,686,140,False,False
788,Gb-awe5B6nk,179337,772,72,67,False,False
789,AwS_DIMeVoM,857930,28239,187,1849,False,False
790,dHOTgIEmixc,1300579,36444,2196,4241,False,False
791,AFe7ZCUocwM,418028,18867,766,4658,False,False
792,NxL8Qv_bdMo,360838,1912,394,180,False,False
793,CUEH-vTUHcQ,2260491,52834,998,6661,False,False
794,JRAEzT6Xg60,165828,1204,126,185,False,False
795,_E0eli9kcFg,1270498,71502,917,5298,False,False
796,6EaDRhPm1DM,258869,4892,156,426,False,False
797,YpU0y6TMGSU,1983477,91407,2953,7545,False,False
798,srW1xcjCySI,367052,5365,725,351,False,False
799,rkkmTOj7wgw,24575,33,73,114,False,False
800,yvawgYe1hkk,841297,54022,1168,2536,False,False
801,#NAME?,219549,2037,142,638,False,False
802,cR6N3g2qJJQ,788966,21608,120,429,False,False
803,6IKiKV21gqE,97772,3070,139,575,False,False
804,tuONqBMf3XA,344244,15343,790,2602,False,False
805,5lC4IlTjVxk,1846670,26611,1282,1221,False,False
806,PeoixMRCrMk,565863,41330,278,3623,False,False
807,ujyTQNNjjDU,2642930,115795,3055,6410,False,False
808,EhL2OWXZ26s,3071771,194197,4948,22719,False,False
809,ySv0dkML5-I,29602,2269,48,765,False,False
810,DghVLzEhnFs,97001,6935,192,5417,False,False
811,nfWG9gCQ6z0,167821,6454,95,737,False,False
812,_NpiOJ_21Zg,1874998,80096,6339,13598,False,False
813,DbYe6U9Dljk,504252,23217,2852,7004,False,False
814,_o41z1YIs3Q,62906,332,14,22,False,False
815,6u4S5hC1aWk,406851,23981,1291,2855,False,False
816,TtyWh7GsP0Q,2274,176,2,27,False,False
817,wGV1Gl18rT0,602350,6108,276,786,False,False
818,rAmLzm4bb2I,373279,7545,374,1192,False,False
819,JN_rfagFBhI,893051,75198,892,2004,False,False
820,ooyjaVdt-jA,6886948,285349,164004,115501,False,False
821,wp6oQlb--Ks,5029936,44544,2200,961,False,False
822,w8nXQ4xbBps,30791,207,15,14,False,False
823,K0u_kAWLJOA,1727422,83372,1107,10657,False,False
824,7jrdwUfHQ_c,665541,36613,402,6701,False,False
825,VaGcPRMY5UM,1683483,80631,2553,4059,False,False
826,5KSEqBzgTSg,25118,536,9,150,False,False
827,gKyysb8HdpY,152430,4684,141,709,False,False
828,WrjrXmIXHzk,245796,23038,130,1142,False,False
829,ui1SquTFnxo,1958143,16662,776,6520,False,False
830,hBvcngHRTFg,1091340,32841,589,1946,False,False
831,sqFVrfinlYk,2250464,157590,6389,18989,False,False
832,y3G-TxZmjqY,744839,5118,555,1524,False,False
833,BhPYVzIBwXE,64388,386,28,52,False,False
834,Qov0jQpHevI,65131,3183,125,600,False,False
835,ZOKwg48mm3c,1028900,5456,741,909,False,False
836,wSDH1rN-xdE,308677,12403,171,2947,False,False
837,E7NdrkKD8Vk,583321,15468,493,4511,False,False
838,NWUg_1qV190,892686,2233,590,248,False,False
839,Zjjb2dG8J2E,207264,2500,116,688,False,False
840,8za_4g5zCOM,828677,26231,722,2657,False,False
841,KKbDaAEz4SA,471662,23823,259,1031,False,False
842,oqqWdaaTq7A,250778,8679,133,1094,False,False
843,3pg9pUSIKtM,660161,4046,889,463,False,False
844,aoY0J5jSbTM,284299,4829,25,227,False,False
845,iiDhBm4TKcs,57297,208,50,23,False,False
846,hGSIbCtDsNo,472574,8406,387,1907,False,False
847,5gy7wSLhJr8,2445849,57790,3188,6388,False,False
848,8y6TW2mk4ZY,126234,1578,203,825,False,False
849,ZxD3o-9H1lY,1032769,33225,6499,30637,False,False
850,Kd1xVG6f2No,1394388,5813,419,2948,False,False
851,BeSbC4YzaFE,1066609,50961,565,2581,False,False
852,jpbozAMyT5s,162546,6322,691,2553,False,False
853,YI6Mu4MDJOA,136731,2937,71,377,False,False
854,02Qhh5Hj8_I,141178,5616,51,650,False,False
855,Nd3zqXro_P0,277307,8300,225,805,False,False
856,4wAu7KaMYPg,835617,47517,1062,3684,False,False
857,EhL2OWXZ26s,2952872,190178,4826,25095,False,False
858,pQrwEEzHZag,255456,38429,183,15105,False,False
859,5n9xafjynJA,1923738,35159,843,5336,False,False
860,6NBgcJxpI9M,113186,3332,199,776,False,False
861,6BJokXg8eLE,732802,28838,943,6820,False,False
862,ig5K9po0Xew,273464,5048,226,117,False,False
863,IB-kpAo7-hk,93169,6791,146,733,False,False
864,CnsSM4fkMlw,148485,11207,39,1171,False,False
865,nznfjVF2JVg,1139264,31098,967,8635,False,False
866,oSEeK9yDNQI,9674889,225274,17340,17130,False,False
867,IjTBcqpl2kc,1904809,45087,5224,0,True,False
868,EF42EeBNwl8,177928,1227,47,34,False,False
869,xG0HmKgwo0c,1995546,16631,753,4698,False,False
870,z2G3R-nT6Vw,115699,1305,70,131,False,False
871,n969zB4AL_0,80004,3079,115,426,False,False
872,Dfga7b66B-g,104187,770,51,378,False,False
873,Y82Cs9CFzTE,180662,11019,458,990,False,False
874,7Q59auc8ctE,554732,15248,325,2055,False,False
875,YalIPUPoWP8,204540,5406,64,1601,False,False
876,DipzS0VH4PA,464123,15737,924,2450,False,False
877,1cjdslm6xMk,115794,6578,52,807,False,False
878,7i6U3lRcClk,74269,984,43,157,False,False
879,wurVR3390l4,476753,45722,458,2703,False,False
880,JpvC3j9Qxus,1747075,28340,8928,44864,False,False
881,k1vHgbTXUik,349431,13465,144,1707,False,False
882,CJRw18MtRPg,1685561,22710,4628,8241,False,False
883,2aQykuIaJVI,2035027,130919,2381,10354,False,False
884,NzxNSF_yS0A,1082138,16490,301,1145,False,False
885,7kWJQCmFjeQ,158743,1099,124,183,False,False
886,WVVUjOulUj8,94277,687,53,212,False,False
887,J3KdH_dg8Ps,10749,549,8,347,False,False
888,m3F07R2-zW4,230204,6474,1126,1095,False,False
889,u_Wkf6DMyE0,1063131,62214,1279,1061,False,False
890,_ng7rqENGOI,176585,1530,156,1433,False,False
891,xW6Zv_1mUh0,221231,7643,98,948,False,False
892,4uTNVumfm84,9732618,360456,7658,17120,False,False
893,Gk-u-CjSIwY,573286,14970,275,2829,False,False
894,sJwHTfczDGw,41218,556,17,0,True,False
895,xbSKIpQIkdI,313560,2612,68,408,False,False
896,WrcwcMIYpQg,463019,40816,185,3074,False,False
897,F9ryLRmaBEM,1237072,26947,534,701,False,False
898,PJNrovkVG1A,83941,1257,95,974,False,False
899,4Zk031l_3OY,182924,416,81,507,False,False
900,II-OP6vdMs8,1187467,17062,25278,9336,False,False
901,7Au5ri3AwUw,13991,1447,16,554,False,False
902,V7LeRxl59M4,205778,689,112,361,False,False
903,S0IZJPtoX8E,161370,6020,288,2113,False,False
904,4b7frX7Os5c,23045,189,18,0,True,False
905,8b2IYk1VmPw,364850,3572,144,441,False,False
906,WWT1-2x3xzc,676181,9955,174,1055,False,False
907,#NAME?,110350,5052,88,1429,False,False
908,RMWTNik9i_8,1424838,71628,1856,6733,False,False
909,yVKw88lmoDA,391984,9610,416,1570,False,False
910,JZf9UPGqcRc,3620658,292416,9471,34252,False,False
911,pRahnxKXyOM,397558,23487,498,4611,False,False
912,vRhNPd7IPfQ,616060,28030,977,1893,False,False
913,EFid2otZi6I,1871577,22859,840,1259,False,False
914,m0_EDgs-5bU,123451,1653,160,337,False,False
915,oFX_Xq9WHTI,670352,48271,1204,9790,False,False
916,dY2jpeasD4w,337788,6006,265,678,False,False
917,CHLBoUz602A,130934,2646,163,964,False,False
918,u2-ACwHEVmQ,15951,79,2,59,False,False
919,BQ31l1gPGKM,10633754,266735,7873,15508,False,False
920,aXUTes4Bx5g,57159,326,56,59,False,False
921,VO-mLV_2lgE,1667466,70959,2665,19946,False,False
922,J5wNnkhT9Ss,73409,846,32,534,False,False
923,dGTNowguxQI,63198,7547,39,839,False,False
924,IpRsvSHGVvs,120926,2036,85,379,False,False
925,9gIOOxlV0Ys,1120572,9089,625,4056,False,False
926,TB6OCCgOXhE,25840,116,48,26,False,False
927,gkznH1SpVec,134235,13802,1114,5453,False,False
928,BM0c2CjomSI,148880,4690,52,940,False,False
929,1cWD_Nm0tNU,219629,3948,64,61,False,False
930,Roqs39twX2Y,346649,10113,412,8188,False,False
931,ggasfCOmQK8,301070,25353,373,2309,False,False
932,ZNUSbxyWpRA,92471,4284,58,2184,False,False
933,yzsKyUGebIQ,415235,12972,542,1938,False,False
934,dkH-Nu23KEo,112192,3981,77,855,False,False
935,bWmpg6p8Cds,216500,11573,143,1758,False,False
936,JcdLF6XQ0iw,9055100,741692,13613,145445,False,False
937,r-g0Er13kcQ,355901,1669,387,347,False,False
938,BMfnoK32XRo,32775,137,13,16,False,False
939,OBM5De3GSks,1238209,12943,495,192,False,False
940,S6rDvbQ-mz4,170416,10665,202,3977,False,False
941,3mOz4x39gtg,282356,854,87,343,False,False
942,pOHQdIDds6s,8834904,386849,350118,156609,False,False
943,QhE64beLG0Q,838776,15506,581,4398,False,False
944,OjeAX4yn2LE,162948,2841,204,406,False,False
945,NJRLWHhLxp0,67217,1854,117,1127,False,False
946,L-ixmHzXl3w,1388115,17378,6835,1517,False,False
947,DP7jov6__gk,456096,5521,162,661,False,False
948,3qugdkzbUP8,19266,61,50,0,False,False
949,TaTleo4cOs8,207532,7473,246,2120,False,False
950,jD83QaWy8LI,1307660,58421,2603,10159,False,False
951,wT_yPn3LfNA,1652691,53530,1641,3921,False,False
952,5NaAwSpswJE,1359682,23024,3677,4125,False,False
953,RL1e5ZyVUkU,696347,29809,310,2173,False,False
954,Kj7GU8_kOg4,345957,11899,550,954,False,False
955,VQhIUzPJi8o,1003082,136927,1447,11628,False,False
956,Ovu9a6ntSPc,496160,37264,1034,6371,False,False
957,fN491KqvtP0,624054,3035,2860,1176,False,False
958,UCdMwyIy3ks,3103186,213063,4608,17132,False,False
959,V5cOvyDpWfM,18226395,46374,151442,56686,False,False
960,RdZz7XhyZC8,158013,2183,447,1689,False,False
961,HY4DHWZcxSI,3998051,5855,3258,545,False,False
962,hqEZMa54_x0,140142,5171,185,0,True,False
963,i_EOm9uRnSs,750593,20313,273,4578,False,False
964,0uJUW24505E,390126,33762,264,2777,False,False
965,pzHCd2X1GaM,1221416,7573,676,2444,False,False
966,lscQDAf4hjA,770325,4924,594,1066,False,False
967,yXa9xtIyphI,62365,1219,15,77,False,False
968,#NAME?,7946670,342936,5194,18995,False,False
969,QjNapuOHoT0,90299,1794,12,146,False,False
970,Rm7ChN0QUas,55985,1554,12,171,False,False
971,AL-JF7977eM,423571,2810,83,1049,False,False
972,C7xDzYnst34,1315891,59066,1278,10079,False,False
973,1lGHZ5NMHRY,259925,12871,1012,0,True,False
974,dc0Dh_1lxe0,578128,33633,374,1930,False,False
975,culGGGiey0U,88017,4271,173,587,False,False
976,PyVvsO_CGfw,504875,34084,217,3928,False,False
977,ub4AOyWEzPo,590268,12170,191,1730,False,False
978,2SIPYOBwJUo,402065,13251,368,3046,False,False
979,02vuSnVF8sU,901994,55444,1233,3559,False,False
980,m9zakT_UDY4,34014,2115,53,858,False,False
981,8z_cg5CypRc,4053326,113528,1243,8389,False,False
982,f6R4W4UKC7w,26037,289,71,188,False,False
983,dADEn7OYUO0,338394,12502,341,2236,False,False
984,X0ob2GwzRq4,682650,44135,296,7694,False,False
985,LForXq19MC8,334765,5346,1131,2276,False,False
986,OUQr8lG45AU,283192,8609,260,938,False,False
987,5krWuFgtqLs,164351,6078,73,611,False,False
988,ItJkf5V4psw,530168,11890,469,407,False,False
989,Ni9yip7Ev_w,1405827,103776,2899,11424,False,False
990,DGPmgwTTOBQ,322162,10115,133,2389,False,False
991,uyUQZCdu1t4,498255,22338,998,1952,False,False
992,rXuV7AYnwA8,17611,585,2,91,False,False
993,sgX_83cHOVs,325896,9693,236,2001,False,False
994,FH_b5PtQFyQ,208552,2235,172,671,False,False
995,wc27wBExdyw,108376,534,57,74,False,False
996,syAXXLxO8tw,910675,46643,791,1619,False,False
997,0kMYy9kU9jU,294246,22999,281,1194,False,False
998,VUYFDSs3Wlk,187172,923,28,44,False,False
999,HX8vJYcxQH4,677386,2688,165,277,False,False
