video_id,views,likes,dislikes,comment_count,comments_disabled,ratings_disabled
a-4_6bThk2E,666861,16006,916,3686,FALSE,FALSE
5O6iNs0cEIU,239156,1598,252,327,FALSE,FALSE
RF-Mqs2qC-M,175490,9514,245,1070,FALSE,FALSE
YPR8K4TQ88M,1233755,8823,268,156,FALSE,FALSE
HQw0LJbwHY4,108850,730,46,67,FALSE,FALSE
oyBfefx7I6c,1602851,28896,1214,2109,FALSE,FALSE
yJqsPBWbtjk,1043726,24890,4292,11235,FALSE,FALSE
fZmtdMiD_c4,756650,13042,768,1235,FALSE,FALSE
ChF_ypmiIs8,55467,2520,279,261,FALSE,FALSE
eroexhJFTV4,49575,2562,130,461,FALSE,FALSE
Tbk-L0woO8Y,90271,4494,30,419,FALSE,FALSE
kP9Sr2awCmM,161885,15052,111,1086,FALSE,FALSE
GpTslx8-f5Y,27672,43,3,45,FALSE,FALSE
nys9ETT-1ss,26822,2197,22,214,FALSE,FALSE
OtL1fEEtLaA,844012,21100,915,6901,FALSE,FALSE
uTGsMan-6Ss,261128,32078,91,2021,FALSE,FALSE
S4M_bpWd3bg,555601,2666,513,665,FALSE,FALSE
kRYxmSFdTpk,46240,5005,23,207,FALSE,FALSE
UH0nTHb6OdY,1495447,45548,1174,7590,FALSE,FALSE
F4X_oShJVo8,162888,2901,468,664,FALSE,FALSE
6Y65fxIRs8Q,2851205,36668,2734,4209,FALSE,FALSE
rugoBphAaIE,240325,580,372,340,FALSE,FALSE
mYSxQT5c2wk,286319,7977,255,498,FALSE,FALSE
EdetWtZDTsE,857687,2449,780,231,FALSE,FALSE
gS1DbvHHVH0,1058246,102940,707,18157,FALSE,FALSE
IawKU9nOwHA,781539,52002,747,4996,FALSE,FALSE
4lQGVR6MBOg,584584,3986,149,811,FALSE,FALSE
-59U4Bgn8V0,678161,41055,368,1714,FALSE,FALSE
qjFR0o564zY,92778,526,83,341,FALSE,FALSE
Ct9BFr9XBaI,423463,14968,501,1083,FALSE,FALSE
wm5fj77R8aI,1923885,7873,1243,1203,FALSE,FALSE
aBkHb8e3UAk,1487593,72786,1759,6510,FALSE,FALSE
CB9ZqoPdPho,523563,26170,680,5228,FALSE,FALSE
2jNFymV3J-M,185781,2899,34,420,FALSE,FALSE
fSG1taRcEjU,91302,1199,90,290,FALSE,FALSE
dVD4W5e_X2A,147272,9959,105,531,FALSE,FALSE
dY6JBxGnDKY,27762,408,10,26,FALSE,FALSE
08vIy0y1N9I,888895,37218,448,2584,FALSE,FALSE
GDuJr3KG-Qk,141179,928,68,121,FALSE,FALSE
UsciN7COX1g,2788033,39291,2447,5223,FALSE,FALSE
hbuGUeRuYd4,364989,19355,293,3034,FALSE,FALSE
ROYA4u7cuR4,398808,15523,116,698,FALSE,FALSE
tuIVZ9k-0tc,436154,6507,222,1436,FALSE,FALSE
ceXPzJ0fZNs,620814,52278,307,6909,FALSE,FALSE
PKFe2N7Xylw,489447,24095,319,2697,FALSE,FALSE
v3y7FE76H7c,169209,13654,231,553,FALSE,FALSE
oS07bQTPZ20,3947934,23722,2183,4769,FALSE,FALSE
jtTqhoCo7_w,193504,271,28,13,FALSE,FALSE
7X_WvGAhMlQ,10804447,46063,6828,39322,FALSE,FALSE
G63TF6OMa_8,340850,8904,136,578,FALSE,FALSE
H-g3Jurb60Y,411888,2297,420,320,FALSE,FALSE
eDyt4tlfD4w,400795,20917,830,3948,FALSE,FALSE
4L-BPQVZYXM,850117,36676,783,4596,FALSE,FALSE
3OCEb7pZwhc,154318,308,236,52,FALSE,FALSE
qg2nGY1aqlg,1176895,80492,445,11573,FALSE,FALSE
l_IFnDydIeQ,804534,17185,845,898,FALSE,FALSE
K9MZPp1h690,63608,1249,95,606,FALSE,FALSE
OKj4GAWzZZg,212992,6625,202,687,FALSE,FALSE
3VbHg5fqBYw,3111226,127079,12403,18233,FALSE,FALSE
Th8rBDgarTM,289570,4223,371,900,FALSE,FALSE
h7aTgzufrVo,611652,35021,249,5120,FALSE,FALSE
znK545Ex86I,256471,4514,49,379,FALSE,FALSE
8x7UtZKwfHA,1457379,48970,2964,10767,FALSE,FALSE
WnClnjjJHhg,249173,3473,463,664,FALSE,FALSE
P1yrP4VTHFs,383437,7381,124,753,FALSE,FALSE
XmwwmV8FE64,87996,429,99,318,FALSE,FALSE
rwRR_mxPJhM,641879,18718,436,163,FALSE,FALSE
dmY9PY_IoYY,317315,7632,190,710,FALSE,FALSE
Oyq8Di01nN8,587807,11747,946,2321,FALSE,FALSE
XtlLI_pBC3s,2803696,185532,3630,21900,FALSE,FALSE
yBeXeGuluM8,435432,16583,323,3266,FALSE,FALSE
u5lxsBjCGc0,15343697,129211,4942,4106,FALSE,FALSE
HjoJqZDjxgI,369123,6659,334,1525,FALSE,FALSE
_b15m0x-Qis,125797,83,29,143,FALSE,FALSE
6rEkKWXCcR4,379935,25924,157,2230,FALSE,FALSE
_BcYBFC6zfY,2269711,76630,3689,17243,FALSE,FALSE
VQhjbCxOxdo,279832,23863,205,1508,FALSE,FALSE
D3ylvIS7Iqk,123551,337,26,158,FALSE,FALSE
BFdIK20wHb0,1061028,44974,3818,5914,FALSE,FALSE
6BALmDghybk,491617,18949,436,1803,FALSE,FALSE
xJKHdOgA-e8,112077,5279,138,601,FALSE,FALSE
koUB3vl737c,96458,406,281,908,FALSE,FALSE
TITlnMA7bH8,1289179,110156,2098,5124,FALSE,FALSE
1SiKopOt-QM,5277237,53089,5521,2524,FALSE,FALSE
RsGGQAJ3Bb8,697157,0,0,0,TRUE,TRUE
6kUCDT6tG-Y,11425,69,2,9,FALSE,FALSE
tJf4ZW0_TNU,396463,28469,430,2201,FALSE,FALSE
nFpEuUY-zQ0,731035,3863,396,707,FALSE,FALSE
njZMg2m34SY,281201,4283,360,1194,FALSE,FALSE
S204OM-oXCE,125256,14039,139,1614,FALSE,FALSE
SRAuAfueJSs,117721,3556,37,674,FALSE,FALSE
SlTyxwaasLE,198924,1693,81,417,FALSE,FALSE
P4FbNH4UnMM,867001,7002,474,813,FALSE,FALSE
w5N2XLzit-E,704337,28123,724,10377,FALSE,FALSE
Zb4lpyD28l0,97158,130,49,74,FALSE,FALSE
ZY63ZSUdywY,1152786,40559,340,3556,FALSE,FALSE
TdyllLZeviY,2843450,246463,2879,13751,FALSE,FALSE
RXhf23650F8,31747,193,311,0,TRUE,FALSE
gHhFT9WsEN8,67128,335,43,153,FALSE,FALSE
sMLso2du91U,2443489,25971,1728,7924,FALSE,FALSE
4csQhMHvQWk,1190755,23255,558,1110,FALSE,FALSE
8dFhgkUYLDo,446570,3203,293,346,FALSE,FALSE
5RjbQrzz7W8,114421,3893,64,430,FALSE,FALSE
VbAYGsxN7EA,385326,11058,282,2393,FALSE,FALSE
WttN1Z0XF4k,476253,3417,176,240,FALSE,FALSE
04uUFyIj-mc,989958,2514,1232,751,FALSE,FALSE
8KfxGwZo-kM,1046158,11883,459,1483,FALSE,FALSE
bMWIDBnA6Z4,83499,4714,120,1163,FALSE,FALSE
yJqsPBWbtjk,747653,21211,2968,9342,FALSE,FALSE
PiHgR1Xzw7M,278427,2800,214,1804,FALSE,FALSE
4KiM_ng46dg,456364,24211,323,1497,FALSE,FALSE
HaUuRMt9vdA,84982,1117,74,664,FALSE,FALSE
VLcDEY_JMtA,868582,11205,849,9217,FALSE,FALSE
jnAIlc_ylSw,92116,107,22,52,FALSE,FALSE
BzoKVZj5EOs,563636,10716,213,840,FALSE,FALSE
5fDeKPgVHVo,278885,3569,91,1387,FALSE,FALSE
kxpzTCSh6Ps,237604,1566,28,134,FALSE,FALSE
Q7tXF3oOCH4,142940,1025,139,1335,FALSE,FALSE
vjgAu8XgU0k,109580,7760,171,1026,FALSE,FALSE
7NumArxzc9s,396682,13313,228,846,FALSE,FALSE
nwqGgR36MXc,1316227,62977,4026,8343,FALSE,FALSE
X6SaVOLRcF4,2011072,79901,929,3928,FALSE,FALSE
gZ1XyZF8b6U,840843,24876,856,3117,FALSE,FALSE
#NAME?,244830,4447,1254,893,FALSE,FALSE
dwdjmGGy95Q,788158,21707,753,2271,FALSE,FALSE
pca-BHt8VsU,450569,3124,1160,10140,FALSE,FALSE
c2UgUEdyMKg,201457,1580,823,563,FALSE,FALSE
vw1tgc2cJuY,198319,200,191,277,FALSE,FALSE
O6BODAJVYc8,920639,50021,7883,12618,FALSE,FALSE
7pbyoNwmcpc,2192403,64926,1918,4506,FALSE,FALSE
TeY3ijusHns,203274,470,144,1380,FALSE,FALSE
xLserXBaKV8,154501,1441,58,33,FALSE,FALSE
NFFbdgZ-zBc,16486,203,11,135,FALSE,FALSE
ix9GNmWq8bQ,75384,213,40,59,FALSE,FALSE
EdUI-NLLBKA,837060,3838,560,3286,FALSE,FALSE
tfaGleA4qYo,976479,7660,1558,1728,FALSE,FALSE
qS6LoRYUdhw,804878,35094,489,3320,FALSE,FALSE
p2zUR4UpEM4,670964,26471,382,3579,FALSE,FALSE
PJBmeqpw3DY,2125207,44744,1280,6162,FALSE,FALSE
67LnlgA_Too,235948,9376,581,501,FALSE,FALSE
k4-RIUJRMuI,415115,22843,155,1264,FALSE,FALSE
Dh2H5ui608U,314119,15998,171,2153,FALSE,FALSE
IuoZin56fLA,812691,8571,493,195,FALSE,FALSE
D_VS_rQ-vSw,1303802,53103,1033,3519,FALSE,FALSE
l_lblj8Cq0o,5051587,255347,11130,21809,FALSE,FALSE
Lj6Y6JCu-l4,441590,40550,655,2429,FALSE,FALSE
w2A8q3XIhu0,461364,21186,249,1275,FALSE,FALSE
m5JWmB_Q-Yk,288418,2136,305,303,FALSE,FALSE
tpa4kp4lK60,1270699,121212,1664,25892,FALSE,FALSE
6MiCrp2AHH4,29231,1195,25,325,FALSE,FALSE
oQttQdTVAN8,285487,6016,163,2175,FALSE,FALSE
nh9QUpwNxsg,1104089,27790,1239,4438,FALSE,FALSE
cCHOI39nJPM,941752,69171,2324,30155,FALSE,FALSE
A5og1md7Y0M,378220,26674,258,8753,FALSE,FALSE
ig6xEJ-g5ko,5181,194,2,23,FALSE,FALSE
S5UWq3DI6-k,313891,32797,264,7086,FALSE,FALSE
S9Xg6iUxYXU,494062,2941,1500,1807,FALSE,FALSE
6-tTRVURjGw,507660,9265,235,1426,FALSE,FALSE
PGRcxXLfWrM,2013496,49620,9963,9426,FALSE,FALSE
PoboJedYi2Q,945668,66340,1225,783,FALSE,FALSE
zxuvr9tN924,150974,220,65,201,FALSE,FALSE
WIWgdHYYQO4,163125,5040,97,609,FALSE,FALSE
2kCbFmjEi6A,211742,20951,110,2245,FALSE,FALSE
1TSVHDakIv0,280499,5605,200,453,FALSE,FALSE
ZOfL7930zec,194376,10668,1106,956,FALSE,FALSE
r28ffzOq7pg,62371,1034,101,603,FALSE,FALSE
z5WrgDzNIZ0,7064475,392523,29483,66308,FALSE,FALSE
SsyUGltfuZo,1306647,96396,954,6945,FALSE,FALSE
TheDnv6uSaA,539281,20361,242,3799,FALSE,FALSE
rDrhMzk9kbo,673851,44062,439,45843,FALSE,FALSE
mW2NL3qx6Ac,153990,902,34,16,FALSE,FALSE
seGgZp-XYdM,611039,25022,291,1168,FALSE,FALSE
pRTpsCsLdno,176845,10385,81,577,FALSE,FALSE
fPCbxdAuMGc,211445,24487,212,4023,FALSE,FALSE
vFQ8hsZsDkA,359543,12323,174,1996,FALSE,FALSE
hV23YfxzTMA,11276,327,17,1,FALSE,FALSE
FtBYiNWecnI,18511,140,33,28,FALSE,FALSE
TsTrjP2tSQc,88408,145,62,31,FALSE,FALSE
32rRrPONTVw,32937,53,4,57,FALSE,FALSE
ukwtV6sVl-E,642165,36422,1456,7898,FALSE,FALSE
1fhdHPBqUa8,295943,22029,317,3242,FALSE,FALSE
5HiuI5gHKfA,91797,5235,78,599,FALSE,FALSE
UbmGPOHJYpA,1863491,29175,4595,6455,FALSE,FALSE
06BLwc1XSis,1088888,2245,496,2656,FALSE,FALSE
DaAp7p3ZkIs,881450,6775,459,3263,FALSE,FALSE
cWvTb-5bjFc,2294720,104305,3226,6139,FALSE,FALSE
wswvNZveNHc,619365,11306,5766,5241,FALSE,FALSE
BVFN9if4Ztc,604928,20036,814,3026,FALSE,FALSE
KabUi5XN8vg,460100,21444,464,1809,FALSE,FALSE
2vPw8QbzFTo,1241757,20076,772,3300,FALSE,FALSE
SKV6h_5XFbk,9153779,229492,4077,9533,FALSE,FALSE
QxxD3EAq_qY,4083,115,1,10,FALSE,FALSE
nKasG-4PKG4,68187,1660,112,1489,FALSE,FALSE
Y98FdMjOh6Y,86562,264,35,103,FALSE,FALSE
1ls1Xa6bIZQ,61323,4994,57,539,FALSE,FALSE
AnRkugr7r2o,1462289,105554,6374,17047,FALSE,FALSE
oaJoZDJMQyU,339914,12554,214,1426,FALSE,FALSE
pjZuxJ3o_TQ,140724,1169,61,61,FALSE,FALSE
SO0HTI8QuQU,229334,7180,221,240,FALSE,FALSE
lfN3wZDaiv4,6389668,394968,19174,40755,FALSE,FALSE
NYMcACJLqJs,1862357,41625,896,2146,FALSE,FALSE
hiqEFs2okMA,158301,6283,169,1004,FALSE,FALSE
6X-d9wqJfCE,205991,1418,151,151,FALSE,FALSE
oVsQ92LVddo,924073,28026,681,3164,FALSE,FALSE
8ap3UjZhd-U,557500,5162,1033,0,TRUE,FALSE
TKvMuJoNdEI,939800,2866,432,662,FALSE,FALSE
vi8y8PxW5h4,665956,32578,564,6011,FALSE,FALSE
T1B1CxmAXLk,1491029,7509,1450,966,FALSE,FALSE
FepIkIILumA,15125389,454599,21411,32803,FALSE,FALSE
BxxFNkNf6q8,2025937,41926,2069,5341,FALSE,FALSE
3SfZKkrwCIA,526070,33355,631,10187,FALSE,FALSE
jzLlsbdrwQk,4475322,83846,9655,10404,FALSE,FALSE
KSdmOeSm5ms,408487,17953,350,2253,FALSE,FALSE
Dto7Nms-Xo0,8478489,77598,12355,3981,FALSE,FALSE
JJaOjiANqbE,503629,3497,365,696,FALSE,FALSE
RRrFRoGfXlQ,295794,24925,186,3678,FALSE,FALSE
NoUcOismOww,203524,1505,45,247,FALSE,FALSE
3dlZyig8osQ,144788,1175,161,671,FALSE,FALSE
4UuhZrtA1Sw,484452,4425,115,343,FALSE,FALSE
nLhjbuHonSE,431551,2454,597,287,FALSE,FALSE
QrKeTpWyRFs,5959,60,2,11,FALSE,FALSE
cxfIeFEaTHc,987890,6528,1261,5130,FALSE,FALSE
CeQq-W19js4,70732,932,16,242,FALSE,FALSE
f6Bs62yMlqg,237347,1431,134,182,FALSE,FALSE
G80BTq6zIkg,143666,849,55,128,FALSE,FALSE
gNU2LysoxpM,280027,8272,301,3245,FALSE,FALSE
dDGokZjoqHM,171453,397,192,148,FALSE,FALSE
alETHGFEpuQ,90149,557,67,103,FALSE,FALSE
IN4cCNNDHA4,33890,686,24,147,FALSE,FALSE
-3b2Fov6iQY,16245,513,22,53,FALSE,FALSE
jlG0zlSm4zA,144919,535,161,31,FALSE,FALSE
qpwnMTn0K2Q,257161,1711,289,169,FALSE,FALSE
G_ZKYIRhb3Y,67474,862,17,41,FALSE,FALSE
d-Dn2UFOM70,2636538,85990,13972,18983,FALSE,FALSE
lddXMBv8hHE,253532,14522,300,1146,FALSE,FALSE
0mkRgPGncn0,644613,2770,75,914,FALSE,FALSE
DTGxzYo_YyY,1546364,90023,1053,9763,FALSE,FALSE
Py8VDZKrWEA,131547,4333,76,738,FALSE,FALSE
BOPFQTlrOmU,361736,2218,292,386,FALSE,FALSE
efOa93LFSQ8,94079,6545,24,616,FALSE,FALSE
u5lxsBjCGc0,13940642,121444,4667,3918,FALSE,FALSE
g4Hbz2jLxvQ,10997686,336017,13271,35648,FALSE,FALSE
Yj_Bc9hdHa0,338773,3911,998,3767,FALSE,FALSE
RsuYAp5Myco,1734630,9490,946,1105,FALSE,FALSE
Fi9j_dtPU2M,633993,4430,855,284,FALSE,FALSE
F0M8X4anS0c,435949,35518,769,2861,FALSE,FALSE
Snrk9ug2VFE,9083936,0,0,2593,FALSE,TRUE
39nNRQ1gR3c,3790864,149079,4184,16369,FALSE,FALSE
9ynR5n97qCI,1033344,32842,825,1078,FALSE,FALSE
j-ivAyqJh0Y,951618,7053,1171,960,FALSE,FALSE
jua2rmJg7hI,426620,3838,638,2390,FALSE,FALSE
y82iFW1fzpY,22132,1143,13,89,FALSE,FALSE
uUvgMnzplt4,1741871,126168,1374,11036,FALSE,FALSE
p-yIGS9eW-o,784361,7365,439,951,FALSE,FALSE
R_fSq-mmK2M,632959,15254,466,3679,FALSE,FALSE
JrnSfMggWIQ,62249,994,107,182,FALSE,FALSE
RK45yp8uyHA,153251,1186,67,641,FALSE,FALSE
kYJFCHTS9cA,942015,75363,1668,4265,FALSE,FALSE
SrQl4CyvWUY,245912,3473,170,956,FALSE,FALSE
azFsk42kb5E,978719,28033,239,1374,FALSE,FALSE
rsEne1ZiQrk,221160,27517,134,2587,FALSE,FALSE
hWLjYJ4BzvI,2578168,72967,863,7751,FALSE,FALSE
MQCbYju-GXQ,867932,6989,475,1360,FALSE,FALSE
CFatEWNx5RQ,762937,21708,417,2661,FALSE,FALSE
I_u2a4umkCk,309176,3007,257,2002,FALSE,FALSE
IM1oxebrsp4,940179,22067,785,3335,FALSE,FALSE
Sb_hCbZ80aQ,1668355,28471,1858,1463,FALSE,FALSE
kR523F9XZXo,110306,2438,159,493,FALSE,FALSE
8uVt9Fn7xw0,372710,2314,623,2726,FALSE,FALSE
40HS_V_8v7c,342544,2070,408,275,FALSE,FALSE
Zd3dd8DLBpc,180668,5269,231,621,FALSE,FALSE
sokPIM7npF8,285698,27723,305,1206,FALSE,FALSE
6dR0kex7UGE,171459,7719,188,907,FALSE,FALSE
8EkIKtHQz5Q,316150,5339,376,1232,FALSE,FALSE
9DUfFHaUpxg,1226985,35641,402,2069,FALSE,FALSE
RGzv_s-j1wg,429075,17634,376,4461,FALSE,FALSE
qUmfriZoMw0,10856602,35572,1232,2633,FALSE,FALSE
7rOQv_6L9fQ,2494584,35785,7591,2486,FALSE,FALSE
0WPYpeJA__U,35467,227,8,48,FALSE,FALSE
hCk3CyjlTH8,331579,24811,108,2432,FALSE,FALSE
xDd9G2X6al0,774005,21507,384,3834,FALSE,FALSE
ieTdvQOH5Gc,144609,1584,23,548,FALSE,FALSE
jb5bodJOUD0,898666,3741,670,160,FALSE,FALSE
krGrMPMcLFs,503828,11869,540,224,FALSE,FALSE
HX3tKAcCcxA,640268,38304,630,6510,FALSE,FALSE
fRc10tCB3Do,162648,2048,158,294,FALSE,FALSE
hL6yWko4vS0,190871,1655,198,233,FALSE,FALSE
1YOKB-bLaPg,74864,626,47,183,FALSE,FALSE
WhnHKIT9124,420629,1751,384,158,FALSE,FALSE
kouLVHEx51k,326356,19285,109,2176,FALSE,FALSE
J3n_RspaavA,1606780,75870,536,8201,FALSE,FALSE
no3puNSK6BY,26971,880,3,193,FALSE,FALSE
cQ54GDm1eL0,2961991,58948,9704,7012,FALSE,FALSE
Nh3oZwuEYHc,831301,106406,830,4106,FALSE,FALSE
MC5ChT_D894,267240,17948,421,1300,FALSE,FALSE
4V38pzhWwCo,1785835,57075,1665,10454,FALSE,FALSE
6hNCEQpjKqE,243300,31557,1180,3560,FALSE,FALSE
xnwhYVE6_BM,479853,5469,209,748,FALSE,FALSE
J6TRJ5ShyK0,83022,2282,94,191,FALSE,FALSE
29zlbazAvHA,2675314,234965,3600,14799,FALSE,FALSE
aizVxy4Xytk,851391,37755,3983,30189,FALSE,FALSE
zMxIW7uwDGg,10003191,114960,6844,9965,FALSE,FALSE
eMmfNGXdXo4,190060,12668,113,950,FALSE,FALSE
sRyJZJDjm3M,200459,785,176,55,FALSE,FALSE
3p8uI5oCJwY,132160,808,95,111,FALSE,FALSE
No99lbNwBg0,74983,3348,47,183,FALSE,FALSE
s9IwamztdqA,279951,10973,471,2541,FALSE,FALSE
tiF9SzzzX_o,468415,9820,1043,1100,FALSE,FALSE
thOm3ERcDa0,130964,5427,68,668,FALSE,FALSE
eQjIQoBFBb0,1832369,76734,3011,25701,FALSE,FALSE
ORIpWftFyqo,5099701,141207,6236,5262,FALSE,FALSE
zQlpcWkZPf0,1754,60,0,16,FALSE,FALSE
DlFmfxACvig,305959,47782,500,5911,FALSE,FALSE
SLL6gpy00WE,2056151,31270,1696,4350,FALSE,FALSE
VP_ki-W3cLY,3546471,136895,2216,4776,FALSE,FALSE
HZpI5BsW1ZA,508632,3892,213,1978,FALSE,FALSE
kjS0QPfl_9k,1484619,53962,2253,9058,FALSE,FALSE
AdQsDopZfS4,2923789,7620,986,5220,FALSE,FALSE
bhAtmrm0mwE,194851,1222,411,274,FALSE,FALSE
bjDNH7bFP14,944475,1373,440,30,FALSE,FALSE
t5V9d07aIBQ,635518,17504,639,6722,FALSE,FALSE
7-cp_xLrHzk,1130986,38314,858,2526,FALSE,FALSE
wes6mVmRSeA,294728,3192,64,424,FALSE,FALSE
OUBiz4B0UvA,1516644,19901,1010,2481,FALSE,FALSE
TTxXQyySQ58,86942,14827,114,770,FALSE,FALSE
lTDeQBwmZIg,133230,1920,155,1136,FALSE,FALSE
exx1lUDR30U,1310130,66434,1884,11066,FALSE,FALSE
Vw4Hr-IKXGk,221017,1973,159,86,FALSE,FALSE
e-0YnJlFPeE,5299482,131433,3995,6997,FALSE,FALSE
UVrmSi724D4,1580189,38360,528,729,FALSE,FALSE
cRs-wBddqZk,189496,4364,130,1321,FALSE,FALSE
xNNxGzBfZ2k,443983,4078,248,470,FALSE,FALSE
Nu1mCFToXxU,642342,35671,247,13698,FALSE,FALSE
RQaVzbxZqXY,8566331,243529,7235,9222,FALSE,FALSE
urOhWPAS8OI,581881,26824,435,6658,FALSE,FALSE
U6kl5xqQofo,3841044,17735,2966,2432,FALSE,FALSE
yLeQuz8YzIs,35640,467,39,323,FALSE,FALSE
_2d8BTYMcIE,165309,4938,112,1199,FALSE,FALSE
XzXBq8KCw8I,96504,4866,186,957,FALSE,FALSE
BsM-LN_rxCg,244423,19304,120,1817,FALSE,FALSE
lT-vH8nJASo,341849,1672,538,2405,FALSE,FALSE
Nb-_ezmgLvA,226733,6730,513,1081,FALSE,FALSE
Mybvh1K3YVs,206221,7325,144,951,FALSE,FALSE
SvPHcQvOCe4,515622,715,459,1324,FALSE,FALSE
eYZ1Jh2gVUg,387856,2608,497,377,FALSE,FALSE
ccgIXa7TIkc,654169,6951,1225,1961,FALSE,FALSE
pca-BHt8VsU,533787,3634,1332,11632,FALSE,FALSE
BGRM-KYanuQ,79326,2599,77,751,FALSE,FALSE
mJQRgnpCSUQ,68846,1878,44,327,FALSE,FALSE
JZSmsDvxKek,140058,10350,500,3721,FALSE,FALSE
D2ITOJxgfeQ,958341,85287,643,4249,FALSE,FALSE
0HX039UdGpU,1671521,48592,3250,3827,FALSE,FALSE
BJpQIcXH90g,12768,73,4,10,FALSE,FALSE
U-F7OaC0pQ8,1767997,51615,1824,3017,FALSE,FALSE
Mvu_Tfn3mVA,33993,1227,29,527,FALSE,FALSE
OBOm_jatVCI,1196319,26617,645,3221,FALSE,FALSE
ibBNRNN1c3Q,28328,51,21,56,FALSE,FALSE
sP3EHBr3mGA,234352,10159,141,553,FALSE,FALSE
kYbmlMJYVeQ,30206,233,43,63,FALSE,FALSE
gQqi_Vm1oqU,882311,15890,720,2883,FALSE,FALSE
DX5_o-mumvE,875544,26201,1606,4936,FALSE,FALSE
Pokk2uia5-E,594926,16073,226,2201,FALSE,FALSE
qSx94UIEn0U,179014,1495,377,1208,FALSE,FALSE
KuPKjrzeDlk,106281,678,47,168,FALSE,FALSE
jZwlGiSPb3w,346757,1855,384,162,FALSE,FALSE
ykebaQNF9cI,121514,333,66,286,FALSE,FALSE
gP6uGOLeG0M,43732,425,61,281,FALSE,FALSE
1l0nG-1SFVk,445160,13186,391,1315,FALSE,FALSE
W2C2LHE0szI,828071,42444,2193,6273,FALSE,FALSE
TITlnMA7bH8,2058768,147166,3421,6653,FALSE,FALSE
ixQ0GrnfIco,164448,0,0,414,FALSE,TRUE
#NAME?,464265,12477,291,2223,FALSE,FALSE
oidnwPIeqsI,296340,10015,135,1230,FALSE,FALSE
6i2cebTn0nc,1279985,63959,1331,10789,FALSE,FALSE
UNdd_MotqrI,247534,4426,154,255,FALSE,FALSE
7Nv1KoqM6vc,2872226,28780,1476,2049,FALSE,FALSE
pcWKpGzhgq4,574778,7517,154,515,FALSE,FALSE
RCJfwEL6hkE,426653,4176,183,489,FALSE,FALSE
zM65IkGfNRg,119685,1773,134,372,FALSE,FALSE
0rreXyz0EVo,111675,6818,72,604,FALSE,FALSE
PLcm4U2E4yM,142159,9766,81,1252,FALSE,FALSE
4ckRY0DlDEs,1339489,63072,1209,9425,FALSE,FALSE
VKW64fQwzRc,44661,379,28,284,FALSE,FALSE
x2KAYep8FwI,1168487,24878,788,3465,FALSE,FALSE
OChD3Wz2s6Y,121277,7102,743,2217,FALSE,FALSE
nzNGEB1BQuM,740195,56077,1256,6644,FALSE,FALSE
n7YddfDo4N0,275241,27259,274,2712,FALSE,FALSE
bg3hJuBtE-8,3411918,70498,4985,3957,FALSE,FALSE
#NAME?,241896,3049,142,1683,FALSE,FALSE
kFSm6gany_Q,1423657,17983,1423,1293,FALSE,FALSE
CP6aYDssDSE,470720,14636,793,2842,FALSE,FALSE
CxBj42JhqDI,743799,79239,762,19318,FALSE,FALSE
sjVqDg32_8s,3967200,41742,1500,3896,FALSE,FALSE
3RAq5lbNxJo,36246,66,10,31,FALSE,FALSE
4QDDxmtbUsw,1031566,40447,266,3322,FALSE,FALSE
ocRMfJrDRFg,762614,13506,740,1271,FALSE,FALSE
eiudTjsGM7g,1173382,30064,373,1737,FALSE,FALSE
BXnGUUsdnR8,677098,18993,1253,4876,FALSE,FALSE
Efa9BH-uvXM,161123,1063,135,141,FALSE,FALSE
_2GJHX1iC6g,151795,2406,167,408,FALSE,FALSE
ddvX9eaUSgc,12836805,26154,11802,823,FALSE,FALSE
xLkHEZTSeoU,2983150,132086,4997,12511,FALSE,FALSE
J3gciAsltCw,500583,26511,1763,9310,FALSE,FALSE
iggOs5y7xbk,299731,4917,716,1225,FALSE,FALSE
HnnRyhuX_jM,848764,19656,842,3418,FALSE,FALSE
SY14V2CgDNI,72431,580,177,221,FALSE,FALSE
W0Anp0wmXek,383551,10766,376,2057,FALSE,FALSE
XmzCr3Pehtw,2419381,229346,11347,7955,FALSE,FALSE
ij6-Y01JnWM,78716,51,25,12,FALSE,FALSE
#NAME?,2315,44,3,38,FALSE,FALSE
G3Fc_eOkM8M,1318836,80830,397,6655,FALSE,FALSE
l2EkjbyZ1t4,4776,35,2,5,FALSE,FALSE
1mYB8onrPt0,517427,8533,959,2950,FALSE,FALSE
xCwwxNbtK6Y,1257147,18035,510,3273,FALSE,FALSE
K8SeMivyqRk,1345929,7597,715,3088,FALSE,FALSE
cytyAgu9-bA,1928346,92292,606,6737,FALSE,FALSE
bz91MAdY6FQ,30661,147,23,22,FALSE,FALSE
OueYc1E3WZg,421956,13616,231,1064,FALSE,FALSE
wXqIjmcED0I,1329405,44479,991,5340,FALSE,FALSE
pvudzQs67w4,205007,2136,81,975,FALSE,FALSE
8R2cPhn4Eas,10272,445,8,229,FALSE,FALSE
4cxSvglcIN0,7435,49,4,8,FALSE,FALSE
aGl-1nwahCA,1384556,39463,1354,3593,FALSE,FALSE
GIX1oKxt4sg,405921,11507,894,2464,FALSE,FALSE
Q3L0gArhmaE,2447039,219015,6262,26303,FALSE,FALSE
i8EJkbADR3o,558307,2423,255,2758,FALSE,FALSE
eKR_n4alu3o,970857,35299,506,15616,FALSE,FALSE
5eAmJtvgQyQ,564675,984,472,314,FALSE,FALSE
eT7MhNj_oTU,66579,599,66,62,FALSE,FALSE
1RHbLxQw-sc,615241,35344,719,5713,FALSE,FALSE
LVDZu7nbdcs,567196,20076,132,1805,FALSE,FALSE
jNgKSbrfOX0,112879,4491,75,750,FALSE,FALSE
JFCWmQD1jms,144207,4378,121,466,FALSE,FALSE
FvVN9oaHtdA,121468,422,71,37,FALSE,FALSE
k9ixzuob2rM,121305,3922,197,317,FALSE,FALSE
FYPRiI_GiaM,416033,23786,11243,4184,FALSE,FALSE
eWtSEFGJDcI,119596,6220,100,814,FALSE,FALSE
mXOTJ-tluUU,166174,3575,131,175,FALSE,FALSE
OW0Wt30EeCc,359666,5295,111,309,FALSE,FALSE
__Wd-iOZQ6k,1354590,60899,799,3516,FALSE,FALSE
Df9UP6_7P3U,429785,3972,433,1864,FALSE,FALSE
au2n7VVGv_c,14333437,588112,11251,25674,FALSE,FALSE
FHu8iWUaXDE,910419,22425,728,5759,FALSE,FALSE
WrEipvb5kAk,210518,5273,242,732,FALSE,FALSE
iE-DWLOolUs,267576,24095,763,8908,FALSE,FALSE
PJbZzM6ZsUg,453515,4307,2195,1620,FALSE,FALSE
kZYKnREz9Vo,145565,5483,464,1009,FALSE,FALSE
rJNpWgla9QI,789741,6530,283,1909,FALSE,FALSE
E9pIhue2lSU,649142,14931,790,2548,FALSE,FALSE
SXMhL_UoVWw,835517,49372,447,3763,FALSE,FALSE
sstkfBL0f2M,122594,233,53,91,FALSE,FALSE
WA0Ek8RT20s,2648082,282046,31931,49026,FALSE,FALSE
jxpfLjupMQU,596513,17418,563,3419,FALSE,FALSE
zlAqizx7Lf0,2970259,216377,6551,22433,FALSE,FALSE
ad_higXixRA,2841864,55055,2432,4420,FALSE,FALSE
Wd_idMpg_qQ,1269768,99560,1662,13697,FALSE,FALSE
Yolu0WUcDgs,570280,833,235,20,FALSE,FALSE
rdFXddVsUuQ,670962,32068,1653,4169,FALSE,FALSE
HoYPSfR8j3Y,1477868,36289,960,5283,FALSE,FALSE
NEYU_5LkjHY,58662,809,11,110,FALSE,FALSE
7nKZt8uz9ZM,1174711,5859,82,535,FALSE,FALSE
ppLEscB5EU0,259009,825,320,1483,FALSE,FALSE
1P27Q5C9cfA,169845,1582,44,117,FALSE,FALSE
1EVOg27S3hs,465284,3829,770,2444,FALSE,FALSE
LxVfshdEKt4,356037,16718,333,3947,FALSE,FALSE
Xr2rgT9uEnA,2226213,91095,2358,6032,FALSE,FALSE
F-vDHgcRBkI,275153,548,105,790,FALSE,FALSE
x0VuQjEXMF8,164468,6057,166,1722,FALSE,FALSE
OVRjkAjE8j0,205749,4277,305,440,FALSE,FALSE
2LdkXT7Oo6Q,179399,9064,137,819,FALSE,FALSE
QWlfnT9jsBE,51001,720,39,214,FALSE,FALSE
OjmcKNa3w40,818943,77692,301,3997,FALSE,FALSE
X2IX7SGcnCQ,102183,864,441,1352,FALSE,FALSE
Yav1kBLXMxI,314049,12692,252,2772,FALSE,FALSE
jSYgh4z1-dg,555405,5544,750,1377,FALSE,FALSE
PjK5P7NMyWc,164817,9629,250,3699,FALSE,FALSE
Z90T9riY8Xs,1993340,35379,1729,2984,FALSE,FALSE
iTYbdZRfWRE,248679,7312,468,1022,FALSE,FALSE
oFwabWdExsA,358161,11577,211,1484,FALSE,FALSE
kdDyAw0ihq0,322136,1785,346,201,FALSE,FALSE
6o54Y7dhOus,42360,2580,33,781,FALSE,FALSE
LHN_0NO9vhA,537419,2867,996,293,FALSE,FALSE
_rnXqVRBuLo,374886,2560,217,764,FALSE,FALSE
jOTjqXi0844,90912,463,69,121,FALSE,FALSE
eY4Q-JCwLGc,2752,27,0,7,FALSE,FALSE
C8xRQChtavA,202804,1539,172,239,FALSE,FALSE
dnpVNfHMlY4,864342,13834,682,3725,FALSE,FALSE
HAilzI5VS68,619334,32884,515,3280,FALSE,FALSE
_MOVYyJqIdE,551398,11588,92,458,FALSE,FALSE
5JjPfpSrtvY,3394865,31019,2458,5704,FALSE,FALSE
KUzhD_wYgFg,122897,999,45,53,FALSE,FALSE
B50LsAKTT6M,110190,298,34,63,FALSE,FALSE
fuNNIBK_mN0,672898,13684,630,5434,FALSE,FALSE
Tk0v91GBriw,103141,771,105,718,FALSE,FALSE
pg3giOoFv3E,479802,6953,3610,8402,FALSE,FALSE
p8vbUmeIv1Y,194967,2281,131,537,FALSE,FALSE
7idh9veFtdQ,631694,4889,341,2268,FALSE,FALSE
w9VFq0OParA,739196,7649,680,2291,FALSE,FALSE
0_OlKhGCsFA,881215,67815,627,15024,FALSE,FALSE
OFWudk6aIuU,514452,22888,664,1426,FALSE,FALSE
42q_QzozuuI,291331,9537,227,2364,FALSE,FALSE
hgdtr4yvV9E,160508,4016,175,409,FALSE,FALSE
2kvKTkM9OJE,1355686,120824,1207,4195,FALSE,FALSE
c0IsvrSpcx4,96681,16008,91,771,FALSE,FALSE
8qOkpp0o1ng,9705,277,6,142,FALSE,FALSE
eDkL8G2ZZQI,254009,509,313,114,FALSE,FALSE
Sl9npEDYeLk,15462891,455530,19488,43986,FALSE,FALSE
J7GVeIcKIBs,936013,8948,1756,1089,FALSE,FALSE
ekvi8tVYem0,4309736,176532,2584,9590,FALSE,FALSE
7sPgevOO_Jc,53566,372,39,155,FALSE,FALSE
TcLUJGRKhic,94494,237,186,184,FALSE,FALSE
sesUrzFWlQ0,1330218,60253,1527,8760,FALSE,FALSE
74hZN9i2eEA,2990169,98284,1422,7569,FALSE,FALSE
ibQD3haB0aY,9540,82,6,18,FALSE,FALSE
dAVOp-oJmPs,51356,436,27,63,FALSE,FALSE
P6ODTQKhaXk,3841519,195719,3220,12234,FALSE,FALSE
Rtp3fF5G1iM,607054,65289,1094,6796,FALSE,FALSE
9mwM1VB9qs0,712598,9058,510,869,FALSE,FALSE
EWX6O-OTwZA,340200,18843,232,2099,FALSE,FALSE
VUN025E0PrY,219895,2365,221,1486,FALSE,FALSE
pCjY3ZQY8WY,3656432,112111,1503,4857,FALSE,FALSE
uiXCtHIJfWk,198164,4582,77,677,FALSE,FALSE
Q9aW6r8mYWU,538247,25266,328,1842,FALSE,FALSE
kvLeLgb5Wyo,222825,15453,152,3303,FALSE,FALSE
1yAJ4MH8mss,139370,6034,112,741,FALSE,FALSE
J5b_-TZwQ0I,7316184,154985,12973,29590,FALSE,FALSE
lViakh9YI6Y,829786,29163,544,2386,FALSE,FALSE
VfbCi_7L7v0,447618,20271,133,2969,FALSE,FALSE
QNkVT0E4T8c,76763,35,9,59,FALSE,FALSE
-6b65coGHRY,852956,8224,950,726,FALSE,FALSE
#NAME?,278088,12069,521,1143,FALSE,FALSE
rhQ3WiOjSts,200594,2042,57,102,FALSE,FALSE
r5nAAiHRF5k,241426,2911,124,1038,FALSE,FALSE
zZGT44lHeXY,79932,3535,225,1669,FALSE,FALSE
q2Gwrz7QERA,13690,2377,41,890,FALSE,FALSE
qc_VLyxUqbk,86575,1146,105,194,FALSE,FALSE
l25AL0BdD6w,2733902,138652,3204,10503,FALSE,FALSE
_1LdMWlNYS4,174081,9146,114,835,FALSE,FALSE
iLZwZX39FXU,2371010,6811,1500,2775,FALSE,FALSE
nqzIQh2D_Es,258041,19527,975,1913,FALSE,FALSE
FSX5rlsPAK4,1031344,2556,790,201,FALSE,FALSE
YHmYop9Bc_Q,4325734,42246,1003,3417,FALSE,FALSE
ZriAMwor25M,123414,6296,93,962,FALSE,FALSE
prmQgSpV3fA,757804,35596,284,7152,FALSE,FALSE
r_Ak1JS7qMk,109870,593,33,41,FALSE,FALSE
gjXrm2Q-te4,2742344,89376,1373,5077,FALSE,FALSE
gus-vFNzexs,753796,17113,187,3400,FALSE,FALSE
DRFzldUDa-Y,240301,16833,174,1395,FALSE,FALSE
aj8mN_7Apcw,5721665,47679,6866,11184,FALSE,FALSE
XyABTf6NQ74,204494,8127,618,1324,FALSE,FALSE
kpTsHXbnmaQ,1677455,79828,2313,9115,FALSE,FALSE
P3Cm3nMPvxs,315738,25194,2349,2550,FALSE,FALSE
H9Sy-UzuZKU,50692,3785,15,386,FALSE,FALSE
urk_kp76RoI,418689,40628,1038,4520,FALSE,FALSE
ddvX9eaUSgc,8307705,17275,7793,413,FALSE,FALSE
2LF_WLiyM54,625806,16065,605,1595,FALSE,FALSE
hPftq7ppMe8,3727,3,15,13,FALSE,FALSE
MsyQ3na4HNA,109353,8685,47,743,FALSE,FALSE
Hk5bgB77VHM,4565455,19756,2591,3527,FALSE,FALSE
X86DhwFXHUE,60984,343,282,1117,FALSE,FALSE
MSpcdzwBatg,2566075,133056,21772,43905,FALSE,FALSE
pobQxp2-cPw,893904,33972,532,3894,FALSE,FALSE
V_RydUFmBoQ,182981,1265,55,147,FALSE,FALSE
Dan2YMDCpms,3919778,229814,3067,16046,FALSE,FALSE
V3MbY4zFzvA,678077,6745,375,1314,FALSE,FALSE
GX_g9mjqFxA,104845,1124,52,132,FALSE,FALSE
KOkZwj-uMtE,197179,5659,168,313,FALSE,FALSE
NiJ9qFlozZc,980577,43449,1733,5902,FALSE,FALSE
6GvEmwNWFvk,103466,16180,147,2182,FALSE,FALSE
Gx5DV5zFKlU,713642,21916,823,2402,FALSE,FALSE
aoY0J5jSbTM,1281075,12849,198,620,FALSE,FALSE
rL3y-7Fzmyw,98695,1264,102,1107,FALSE,FALSE
hAFTwPPZ1i4,213771,2909,300,1071,FALSE,FALSE
oWqO36Zj65k,904668,27031,513,2730,FALSE,FALSE
OMoY0SoP_b0,345984,3089,714,2571,FALSE,FALSE
yFt6wpGd7PM,735851,4056,1274,661,FALSE,FALSE
vAuO3bHxSpc,1045685,71307,470,6494,FALSE,FALSE
QNXHLGC1FuA,135608,5128,96,736,FALSE,FALSE
97Gh93Daio0,453753,26818,437,7277,FALSE,FALSE
EBt_88nxG4c,13469626,414639,16809,29968,FALSE,FALSE
kzqig4utv5g,139156,243,44,343,FALSE,FALSE
9UWQ4faKkik,706099,28768,400,7517,FALSE,FALSE
ckXRIE61YbM,105687,677,69,67,FALSE,FALSE
Yjq_9-lWsVQ,321997,2325,194,1221,FALSE,FALSE
R2BWjkQ5MMg,423903,17612,138,3763,FALSE,FALSE
FADEXvLGJNU,289010,1864,192,533,FALSE,FALSE
RBHZiCo0DmM,430081,1760,383,247,FALSE,FALSE
VHrXy9XsIBw,1286291,108222,10396,14135,FALSE,FALSE
Ho9em79_0qg,53435,1942,20,240,FALSE,FALSE
TF3deVRaxSg,221112,1697,491,0,TRUE,FALSE
e6hBdSuZQtE,16848,680,7,19,FALSE,FALSE
589tgotIxLM,525293,40529,599,4215,FALSE,FALSE
z2FyAvKZ2Zc,34088,2280,28,243,FALSE,FALSE
#NAME?,492296,16314,386,1919,FALSE,FALSE
oEtZ6KiP8mg,230670,9388,78,1614,FALSE,FALSE
p5qQc9c9b4o,78904,359,26,112,FALSE,FALSE
K674LKBUukk,2114724,38171,1596,4541,FALSE,FALSE
cgexTg6KRsQ,322051,10492,303,766,FALSE,FALSE
VY1eFxgRR-k,11880974,854238,25293,53600,FALSE,FALSE
g_SIPWSJIiU,271667,6304,109,1534,FALSE,FALSE
Wwjl0tmEyEM,72797,384,33,17,FALSE,FALSE
7tKmcZob5BM,323923,15442,301,2450,FALSE,FALSE
Bhck-t4adLU,380327,9192,157,695,FALSE,FALSE
e8yTGQW8cps,303702,2601,716,190,FALSE,FALSE
qdywyua1qqg,6202999,26278,4067,787,FALSE,FALSE
wn57ZVIp1L0,417825,8872,677,1009,FALSE,FALSE
EP_G1wNkD08,1025885,52784,3222,6728,FALSE,FALSE
3h9HdMhm6_s,168319,8656,230,1179,FALSE,FALSE
gIDht-wr3zc,857975,50439,737,12747,FALSE,FALSE
ocZqvs7gUzc,37857,163,14,53,FALSE,FALSE
BmkSQ-_1oTw,2106111,43482,2001,4283,FALSE,FALSE
DnB81w08KAM,885575,23515,290,4151,FALSE,FALSE
-4469zeATws,169736,8359,237,1572,FALSE,FALSE
ltOltc5MOW4,252022,3308,317,654,FALSE,FALSE
QGoW0QQdLZ0,368207,9991,162,1283,FALSE,FALSE
uZbs4wvM_ao,466110,32614,201,5228,FALSE,FALSE
euRUiDkBGvk,695888,31353,3367,5246,FALSE,FALSE
rtiwIkQYUko,1142051,30954,1187,3778,FALSE,FALSE
c38shp4APuk,494509,1750,384,170,FALSE,FALSE
B9nVxg3DqAM,1404166,42997,1246,9548,FALSE,FALSE
ES-s9KQrUTY,1265037,75101,1878,6120,FALSE,FALSE
LGp7LlaqHEc,431742,13396,887,5331,FALSE,FALSE
IiU3ZJXKG7g,132789,171,51,153,FALSE,FALSE
Gk8278ZJdN4,240821,3261,275,673,FALSE,FALSE
gzftYBJ4xSQ,566908,26601,116,2361,FALSE,FALSE
0oj_NpgyZ5Q,837867,36675,549,16619,FALSE,FALSE
My-BcgfkPII,383123,3916,356,3196,FALSE,FALSE
ssVrzoCgr_w,1577521,15755,694,1892,FALSE,FALSE
JczzDGg0W2c,83191,4351,30,883,FALSE,FALSE
lelkwk8NHmM,11123,29,7,0,TRUE,FALSE
Y5PvmIruT0c,165934,915,104,171,FALSE,FALSE
72hlr-E7KA0,373453,15830,267,1198,FALSE,FALSE
#NAME?,1045258,29564,550,3893,FALSE,FALSE
BJDrepc-shM,151566,1323,233,395,FALSE,FALSE
uxbS6j1B1Ps,155131,6557,81,509,FALSE,FALSE
FelD6sjhsL8,408471,1196,287,562,FALSE,FALSE
_vwA94hYG0U,406980,20065,203,1630,FALSE,FALSE
csDI2JtSDUU,269061,1343,207,391,FALSE,FALSE
nLpqZEAFnkE,7475736,262654,17393,28993,FALSE,FALSE
xPolwJyjb4k,422252,3465,66,258,FALSE,FALSE
BBYCVYqS4T8,403250,42283,208,7588,FALSE,FALSE
Br8r5qLiu3s,65878,2657,101,942,FALSE,FALSE
3bzlb22qTvE,451464,14193,376,1468,FALSE,FALSE
yd4T78x6Zhc,401875,17364,501,2763,FALSE,FALSE
aubTgsFC4Fo,996261,26687,819,2571,FALSE,FALSE
iQO9yRutpso,2149866,29771,2263,1064,FALSE,FALSE
tzq7TskZ8Wc,2755971,261198,2065,13037,FALSE,FALSE
pP6r2Gy_dTs,712290,17066,611,1255,FALSE,FALSE
foTr-nfrvTI,1837686,78569,14988,12964,FALSE,FALSE
qN8DRJ8OMcA,482320,34826,248,2885,FALSE,FALSE
5f2IaWnY4Fk,303232,15101,157,1606,FALSE,FALSE
sF3H48pN4Ao,198677,6984,150,2067,FALSE,FALSE
Y3BA-O0dNH0,39748,2108,44,169,FALSE,FALSE
ynJm_HQfyW4,1335925,7878,461,641,FALSE,FALSE
5nHCpyHzaU4,377002,19376,194,2709,FALSE,FALSE
_fVUX6-7VKE,795360,4989,801,2755,FALSE,FALSE
zuamC-WhLZI,26270,66,7,73,FALSE,FALSE
Duc3F700lgE,534602,8151,359,1539,FALSE,FALSE
ox1gTZU47uo,209008,1669,106,866,FALSE,FALSE
dS-9OS4qTi8,50704,171,33,55,FALSE,FALSE
qEpdEJNrLqc,554511,21235,826,1823,FALSE,FALSE
_Jf3yhlpRL8,294004,3491,537,1338,FALSE,FALSE
F4uWufIRUDg,25651,1446,54,395,FALSE,FALSE
Oapebl0bADA,1187128,75762,871,4106,FALSE,FALSE
R9Z3BIoH41M,70186,118,20,116,FALSE,FALSE
6uGQ_ypTw08,800886,50334,793,4396,FALSE,FALSE
0Le9b09TfTo,163055,2430,786,2638,FALSE,FALSE
nWc-bIEOtQo,185299,4654,75,1040,FALSE,FALSE
rsEne1ZiQrk,11364107,401558,6736,20180,FALSE,FALSE
KLMcxlT8zEQ,33653,323,14,67,FALSE,FALSE
gN_L27itbTA,1914518,292385,8701,27180,FALSE,FALSE
XGgqTcnDg-s,156108,1861,200,307,FALSE,FALSE
#NAME?,855521,29283,268,3118,FALSE,FALSE
5EPJqX1vmFk,440824,12104,158,1676,FALSE,FALSE
o7k7euAt-E8,449210,1249,413,79,FALSE,FALSE
T732vvf9QfY,405459,10777,272,1665,FALSE,FALSE
oNL_eKg_TiY,229066,15382,446,50,FALSE,FALSE
VW38tyCVAUY,84315,1087,57,131,FALSE,FALSE
wMcTCu-PcsM,103429,6565,92,853,FALSE,FALSE
pOWq8Y15WNY,219588,7784,60,1121,FALSE,FALSE
NcOmVLnaeFk,780890,52917,534,3427,FALSE,FALSE
VXQ1FD77egw,412342,14023,727,2358,FALSE,FALSE
X2GJWR3uN_U,2349330,39571,2344,54599,FALSE,FALSE
Ivl044_cFS0,168970,1472,74,527,FALSE,FALSE
LPCxBsECSQs,516980,5685,217,633,FALSE,FALSE
Oh4kio5hYn8,1401237,70836,1178,7866,FALSE,FALSE
t6jLE2PIOYU,1730368,41402,1711,1341,FALSE,FALSE
Qw9iXcumulM,3851850,14211,2200,1309,FALSE,FALSE
3nPEkZv0-OU,3970867,82062,2175,8898,FALSE,FALSE
RPE3cglo9o0,634249,27990,462,2881,FALSE,FALSE
dZQmi3aeUEg,417879,8818,589,641,FALSE,FALSE
leOoTaEuIbc,205729,7265,189,816,FALSE,FALSE
rDl3gAJpm_4,1432565,87676,1579,5020,FALSE,FALSE
SGtiZlq4n8k,366105,1256,341,538,FALSE,FALSE
9hi-h3iahHI,405176,22261,2375,8665,FALSE,FALSE
J37CSA16k7k,128704,0,0,644,FALSE,TRUE
atLL2Yzi3bg,911324,34919,444,1753,FALSE,FALSE
8b6IQQMRYCA,1390124,18997,608,2236,FALSE,FALSE
XtrKCe5JeeM,109180,541,18,16,FALSE,FALSE
lb1PqzE9h0s,354474,23887,550,1826,FALSE,FALSE
mkpINSUnDpA,1800253,24024,546,3570,FALSE,FALSE
Z1ZUWfsIsRI,253224,7432,257,1220,FALSE,FALSE
zUzBfBqbSmc,307558,46526,404,4888,FALSE,FALSE
LhbdBcDCd-U,1233596,16528,3856,2667,FALSE,FALSE
DZ6Ro2KkaYo,912240,5638,223,1127,FALSE,FALSE
doAq2FutWYA,1115523,5049,285,284,FALSE,FALSE
#NAME?,257101,1171,29,497,FALSE,FALSE
f0r_l2iYUzQ,697708,4554,3905,1565,FALSE,FALSE
UnwjBv38fWk,132791,1257,107,1001,FALSE,FALSE
Aic-LB6MUtM,14285,473,11,445,FALSE,FALSE
8Gj0Ir6SUuI,52760,5258,18,540,FALSE,FALSE
Fq-XD6Pb9HQ,66105,5738,46,732,FALSE,FALSE
yef_HfQoBd8,2201357,24694,1482,2703,FALSE,FALSE
4aAy2KGHX0w,349962,23602,306,2144,FALSE,FALSE
5TkalDZ7mtI,4549,180,7,47,FALSE,FALSE
ylcSnEtFAg0,48043,2760,64,375,FALSE,FALSE
LzzV-WF4ggg,257912,23393,308,920,FALSE,FALSE
ho0WBKPJtfc,823812,73311,686,9373,FALSE,FALSE
wW4JB9tjlik,858773,24299,5097,3902,FALSE,FALSE
Os9ce4XFS1M,226877,8239,146,392,FALSE,FALSE
ka0owW3i2tA,821825,20053,264,5780,FALSE,FALSE
wTeTHjpPMgU,2537211,30049,3793,3676,FALSE,FALSE
vorkmWa7He8,2171844,64448,8418,16685,FALSE,FALSE
YTiYQwk7Bw0,128316,5972,164,2049,FALSE,FALSE
_hMQe2U4c6w,6165010,263302,13616,18348,FALSE,FALSE
5tSTk1083VY,773116,21049,777,3926,FALSE,FALSE
3XklsSF53pc,399646,13557,295,1326,FALSE,FALSE
tRBsfAIg4-0,4616887,479065,46453,83862,FALSE,FALSE
6dI1HjBa9Os,75407,6922,27,799,FALSE,FALSE
bSJ8mpWBVeE,2524322,32092,2178,7971,FALSE,FALSE
HbYhXMY3VV8,1383902,54032,1376,7765,FALSE,FALSE
CuWXtNotvPE,26744,2139,27,298,FALSE,FALSE
tGUmbFFKvtU,991027,5898,542,3461,FALSE,FALSE
eUgrVCDUCtE,1258533,26730,3124,7245,FALSE,FALSE
7Cm67Z1ajdo,58240,1995,29,344,FALSE,FALSE
AXM0d9UfkY8,14422,134,10,18,FALSE,FALSE
gxepM2uSW9g,1767772,34271,574,0,TRUE,FALSE
59qrNc1J9aU,129394,146,31,245,FALSE,FALSE
IrmsHzNTSZ0,488304,21018,884,4091,FALSE,FALSE
lxpGg5AnQqY,41596,114,62,229,FALSE,FALSE
QZL2NrrhjHY,2418100,76311,1634,2195,FALSE,FALSE
2X1BQoM5_js,136873,1480,157,387,FALSE,FALSE
0MroWT4iN9o,84014,105,15,14,FALSE,FALSE
QK_iX5cPDhE,678272,19605,539,2560,FALSE,FALSE
zXHUHx4R9kI,1729622,108586,3975,7323,FALSE,FALSE
ycVc1jsaAA0,8267018,367668,5273,33808,FALSE,FALSE
4K8A3WJnYkI,169396,1702,80,228,FALSE,FALSE
ap5KamI-nRs,342174,12700,138,984,FALSE,FALSE
MqY-o3uuemo,736275,8201,411,912,FALSE,FALSE
YE0qGSCuHK8,115938,2139,179,840,FALSE,FALSE
1jFCPcG5CJA,590699,6017,246,3020,FALSE,FALSE
6cjU2dGuFjM,124756,595,144,30,FALSE,FALSE
3E6yqIkSW1c,974611,52796,1715,4740,FALSE,FALSE
MJg77yvjtW4,411018,1927,475,258,FALSE,FALSE
MtxSfrOI7Zo,137699,759,79,109,FALSE,FALSE
KspaKfSU49Y,814746,10629,231,1459,FALSE,FALSE
SDlSVE0X3Ao,514594,39967,472,14533,FALSE,FALSE
EJjh19zO1lk,1855095,29848,691,2485,FALSE,FALSE
MbyP-w4uOgk,1064943,38449,466,2335,FALSE,FALSE
bJB7-eL9xNc,451694,12327,261,2350,FALSE,FALSE
oQttQdTVAN8,123905,3285,90,1426,FALSE,FALSE
vSKEcHoouyA,314726,4741,686,2262,FALSE,FALSE
5bZ2yW9bDr4,1060809,12472,354,1155,FALSE,FALSE
8rqztDFvmZ8,1271178,53254,1641,8293,FALSE,FALSE
0l35jAGQPOI,5146567,415269,5337,48943,FALSE,FALSE
h39fZdU7174,319913,12634,271,1698,FALSE,FALSE
sjVBoBPiB-g,304163,1577,488,301,FALSE,FALSE
6c7aplyiJXQ,150634,4178,96,589,FALSE,FALSE
md7QC8bnunQ,508524,5481,668,2944,FALSE,FALSE
oe8BD55eYoA,557900,14265,751,1527,FALSE,FALSE
W692CShdNgI,86485,7645,236,1361,FALSE,FALSE
UPDm0WNYgkw,531639,21481,481,7766,FALSE,FALSE
r7ZSj8IbIqA,2321232,12236,1749,2050,FALSE,FALSE
6dy3Mi3iufQ,98374,7858,31,361,FALSE,FALSE
XF4_DvnNeCQ,460428,17936,1784,4301,FALSE,FALSE
RmJbi_3anCY,325117,1593,193,378,FALSE,FALSE
qbMLBCmdl6Q,6216,11,1,9,FALSE,FALSE
VWxnvPRa1aY,440964,4719,186,1765,FALSE,FALSE
b_RtkI6EUvY,550275,4448,201,2252,FALSE,FALSE
c0bsKc4tiuY,602939,37552,1259,1847,FALSE,FALSE
cB9_r4HSIK8,199520,2171,100,35,FALSE,FALSE
abT95p5iBkU,355862,6302,470,1310,FALSE,FALSE
dB2IV7ub2-o,12660,118,20,65,FALSE,FALSE
W2bov6kY7ko,120275,1233,99,67,FALSE,FALSE
dD5pu9Yv-zo,138110,0,0,991,FALSE,TRUE
nHO50-7l-Vg,1096441,39564,600,2623,FALSE,FALSE
_XHk_5kMWfk,97500,5146,67,510,FALSE,FALSE
mZKpOVRwCl8,447889,514,686,140,FALSE,FALSE
Gb-awe5B6nk,179337,772,72,67,FALSE,FALSE
AwS_DIMeVoM,857930,28239,187,1849,FALSE,FALSE
dHOTgIEmixc,1300579,36444,2196,4241,FALSE,FALSE
AFe7ZCUocwM,418028,18867,766,4658,FALSE,FALSE
NxL8Qv_bdMo,360838,1912,394,180,FALSE,FALSE
CUEH-vTUHcQ,2260491,52834,998,6661,FALSE,FALSE
JRAEzT6Xg60,165828,1204,126,185,FALSE,FALSE
_E0eli9kcFg,1270498,71502,917,5298,FALSE,FALSE
6EaDRhPm1DM,258869,4892,156,426,FALSE,FALSE
YpU0y6TMGSU,1983477,91407,2953,7545,FALSE,FALSE
srW1xcjCySI,367052,5365,725,351,FALSE,FALSE
rkkmTOj7wgw,24575,33,73,114,FALSE,FALSE
yvawgYe1hkk,841297,54022,1168,2536,FALSE,FALSE
#NAME?,219549,2037,142,638,FALSE,FALSE
cR6N3g2qJJQ,788966,21608,120,429,FALSE,FALSE
6IKiKV21gqE,97772,3070,139,575,FALSE,FALSE
tuONqBMf3XA,344244,15343,790,2602,FALSE,FALSE
5lC4IlTjVxk,1846670,26611,1282,1221,FALSE,FALSE
PeoixMRCrMk,565863,41330,278,3623,FALSE,FALSE
ujyTQNNjjDU,2642930,115795,3055,6410,FALSE,FALSE
EhL2OWXZ26s,3071771,194197,4948,22719,FALSE,FALSE
ySv0dkML5-I,29602,2269,48,765,FALSE,FALSE
DghVLzEhnFs,97001,6935,192,5417,FALSE,FALSE
nfWG9gCQ6z0,167821,6454,95,737,FALSE,FALSE
_NpiOJ_21Zg,1874998,80096,6339,13598,FALSE,FALSE
DbYe6U9Dljk,504252,23217,2852,7004,FALSE,FALSE
_o41z1YIs3Q,62906,332,14,22,FALSE,FALSE
6u4S5hC1aWk,406851,23981,1291,2855,FALSE,FALSE
TtyWh7GsP0Q,2274,176,2,27,FALSE,FALSE
wGV1Gl18rT0,602350,6108,276,786,FALSE,FALSE
rAmLzm4bb2I,373279,7545,374,1192,FALSE,FALSE
JN_rfagFBhI,893051,75198,892,2004,FALSE,FALSE
ooyjaVdt-jA,6886948,285349,164004,115501,FALSE,FALSE
wp6oQlb--Ks,5029936,44544,2200,961,FALSE,FALSE
w8nXQ4xbBps,30791,207,15,14,FALSE,FALSE
K0u_kAWLJOA,1727422,83372,1107,10657,FALSE,FALSE
7jrdwUfHQ_c,665541,36613,402,6701,FALSE,FALSE
VaGcPRMY5UM,1683483,80631,2553,4059,FALSE,FALSE
5KSEqBzgTSg,25118,536,9,150,FALSE,FALSE
gKyysb8HdpY,152430,4684,141,709,FALSE,FALSE
WrjrXmIXHzk,245796,23038,130,1142,FALSE,FALSE
ui1SquTFnxo,1958143,16662,776,6520,FALSE,FALSE
hBvcngHRTFg,1091340,32841,589,1946,FALSE,FALSE
sqFVrfinlYk,2250464,157590,6389,18989,FALSE,FALSE
y3G-TxZmjqY,744839,5118,555,1524,FALSE,FALSE
BhPYVzIBwXE,64388,386,28,52,FALSE,FALSE
Qov0jQpHevI,65131,3183,125,600,FALSE,FALSE
ZOKwg48mm3c,1028900,5456,741,909,FALSE,FALSE
wSDH1rN-xdE,308677,12403,171,2947,FALSE,FALSE
E7NdrkKD8Vk,583321,15468,493,4511,FALSE,FALSE
NWUg_1qV190,892686,2233,590,248,FALSE,FALSE
Zjjb2dG8J2E,207264,2500,116,688,FALSE,FALSE
8za_4g5zCOM,828677,26231,722,2657,FALSE,FALSE
KKbDaAEz4SA,471662,23823,259,1031,FALSE,FALSE
oqqWdaaTq7A,250778,8679,133,1094,FALSE,FALSE
3pg9pUSIKtM,660161,4046,889,463,FALSE,FALSE
aoY0J5jSbTM,284299,4829,25,227,FALSE,FALSE
iiDhBm4TKcs,57297,208,50,23,FALSE,FALSE
hGSIbCtDsNo,472574,8406,387,1907,FALSE,FALSE
5gy7wSLhJr8,2445849,57790,3188,6388,FALSE,FALSE
8y6TW2mk4ZY,126234,1578,203,825,FALSE,FALSE
ZxD3o-9H1lY,1032769,33225,6499,30637,FALSE,FALSE
Kd1xVG6f2No,1394388,5813,419,2948,FALSE,FALSE
BeSbC4YzaFE,1066609,50961,565,2581,FALSE,FALSE
jpbozAMyT5s,162546,6322,691,2553,FALSE,FALSE
YI6Mu4MDJOA,136731,2937,71,377,FALSE,FALSE
02Qhh5Hj8_I,141178,5616,51,650,FALSE,FALSE
Nd3zqXro_P0,277307,8300,225,805,FALSE,FALSE
4wAu7KaMYPg,835617,47517,1062,3684,FALSE,FALSE
EhL2OWXZ26s,2952872,190178,4826,25095,FALSE,FALSE
pQrwEEzHZag,255456,38429,183,15105,FALSE,FALSE
5n9xafjynJA,1923738,35159,843,5336,FALSE,FALSE
6NBgcJxpI9M,113186,3332,199,776,FALSE,FALSE
6BJokXg8eLE,732802,28838,943,6820,FALSE,FALSE
ig5K9po0Xew,273464,5048,226,117,FALSE,FALSE
IB-kpAo7-hk,93169,6791,146,733,FALSE,FALSE
CnsSM4fkMlw,148485,11207,39,1171,FALSE,FALSE
nznfjVF2JVg,1139264,31098,967,8635,FALSE,FALSE
oSEeK9yDNQI,9674889,225274,17340,17130,FALSE,FALSE
IjTBcqpl2kc,1904809,45087,5224,0,TRUE,FALSE
EF42EeBNwl8,177928,1227,47,34,FALSE,FALSE
xG0HmKgwo0c,1995546,16631,753,4698,FALSE,FALSE
z2G3R-nT6Vw,115699,1305,70,131,FALSE,FALSE
n969zB4AL_0,80004,3079,115,426,FALSE,FALSE
Dfga7b66B-g,104187,770,51,378,FALSE,FALSE
Y82Cs9CFzTE,180662,11019,458,990,FALSE,FALSE
7Q59auc8ctE,554732,15248,325,2055,FALSE,FALSE
YalIPUPoWP8,204540,5406,64,1601,FALSE,FALSE
DipzS0VH4PA,464123,15737,924,2450,FALSE,FALSE
1cjdslm6xMk,115794,6578,52,807,FALSE,FALSE
7i6U3lRcClk,74269,984,43,157,FALSE,FALSE
wurVR3390l4,476753,45722,458,2703,FALSE,FALSE
JpvC3j9Qxus,1747075,28340,8928,44864,FALSE,FALSE
k1vHgbTXUik,349431,13465,144,1707,FALSE,FALSE
CJRw18MtRPg,1685561,22710,4628,8241,FALSE,FALSE
2aQykuIaJVI,2035027,130919,2381,10354,FALSE,FALSE
NzxNSF_yS0A,1082138,16490,301,1145,FALSE,FALSE
7kWJQCmFjeQ,158743,1099,124,183,FALSE,FALSE
WVVUjOulUj8,94277,687,53,212,FALSE,FALSE
J3KdH_dg8Ps,10749,549,8,347,FALSE,FALSE
m3F07R2-zW4,230204,6474,1126,1095,FALSE,FALSE
u_Wkf6DMyE0,1063131,62214,1279,1061,FALSE,FALSE
_ng7rqENGOI,176585,1530,156,1433,FALSE,FALSE
xW6Zv_1mUh0,221231,7643,98,948,FALSE,FALSE
4uTNVumfm84,9732618,360456,7658,17120,FALSE,FALSE
Gk-u-CjSIwY,573286,14970,275,2829,FALSE,FALSE
sJwHTfczDGw,41218,556,17,0,TRUE,FALSE
xbSKIpQIkdI,313560,2612,68,408,FALSE,FALSE
WrcwcMIYpQg,463019,40816,185,3074,FALSE,FALSE
F9ryLRmaBEM,1237072,26947,534,701,FALSE,FALSE
PJNrovkVG1A,83941,1257,95,974,FALSE,FALSE
4Zk031l_3OY,182924,416,81,507,FALSE,FALSE
II-OP6vdMs8,1187467,17062,25278,9336,FALSE,FALSE
7Au5ri3AwUw,13991,1447,16,554,FALSE,FALSE
V7LeRxl59M4,205778,689,112,361,FALSE,FALSE
S0IZJPtoX8E,161370,6020,288,2113,FALSE,FALSE
4b7frX7Os5c,23045,189,18,0,TRUE,FALSE
8b2IYk1VmPw,364850,3572,144,441,FALSE,FALSE
WWT1-2x3xzc,676181,9955,174,1055,FALSE,FALSE
#NAME?,110350,5052,88,1429,FALSE,FALSE
RMWTNik9i_8,1424838,71628,1856,6733,FALSE,FALSE
yVKw88lmoDA,391984,9610,416,1570,FALSE,FALSE
JZf9UPGqcRc,3620658,292416,9471,34252,FALSE,FALSE
pRahnxKXyOM,397558,23487,498,4611,FALSE,FALSE
vRhNPd7IPfQ,616060,28030,977,1893,FALSE,FALSE
EFid2otZi6I,1871577,22859,840,1259,FALSE,FALSE
m0_EDgs-5bU,123451,1653,160,337,FALSE,FALSE
oFX_Xq9WHTI,670352,48271,1204,9790,FALSE,FALSE
dY2jpeasD4w,337788,6006,265,678,FALSE,FALSE
CHLBoUz602A,130934,2646,163,964,FALSE,FALSE
u2-ACwHEVmQ,15951,79,2,59,FALSE,FALSE
BQ31l1gPGKM,10633754,266735,7873,15508,FALSE,FALSE
aXUTes4Bx5g,57159,326,56,59,FALSE,FALSE
VO-mLV_2lgE,1667466,70959,2665,19946,FALSE,FALSE
J5wNnkhT9Ss,73409,846,32,534,FALSE,FALSE
dGTNowguxQI,63198,7547,39,839,FALSE,FALSE
IpRsvSHGVvs,120926,2036,85,379,FALSE,FALSE
9gIOOxlV0Ys,1120572,9089,625,4056,FALSE,FALSE
TB6OCCgOXhE,25840,116,48,26,FALSE,FALSE
gkznH1SpVec,134235,13802,1114,5453,FALSE,FALSE
BM0c2CjomSI,148880,4690,52,940,FALSE,FALSE
1cWD_Nm0tNU,219629,3948,64,61,FALSE,FALSE
Roqs39twX2Y,346649,10113,412,8188,FALSE,FALSE
ggasfCOmQK8,301070,25353,373,2309,FALSE,FALSE
ZNUSbxyWpRA,92471,4284,58,2184,FALSE,FALSE
yzsKyUGebIQ,415235,12972,542,1938,FALSE,FALSE
dkH-Nu23KEo,112192,3981,77,855,FALSE,FALSE
bWmpg6p8Cds,216500,11573,143,1758,FALSE,FALSE
JcdLF6XQ0iw,9055100,741692,13613,145445,FALSE,FALSE
r-g0Er13kcQ,355901,1669,387,347,FALSE,FALSE
BMfnoK32XRo,32775,137,13,16,FALSE,FALSE
OBM5De3GSks,1238209,12943,495,192,FALSE,FALSE
S6rDvbQ-mz4,170416,10665,202,3977,FALSE,FALSE
3mOz4x39gtg,282356,854,87,343,FALSE,FALSE
pOHQdIDds6s,8834904,386849,350118,156609,FALSE,FALSE
QhE64beLG0Q,838776,15506,581,4398,FALSE,FALSE
OjeAX4yn2LE,162948,2841,204,406,FALSE,FALSE
NJRLWHhLxp0,67217,1854,117,1127,FALSE,FALSE
L-ixmHzXl3w,1388115,17378,6835,1517,FALSE,FALSE
DP7jov6__gk,456096,5521,162,661,FALSE,FALSE
3qugdkzbUP8,19266,61,50,0,FALSE,FALSE
TaTleo4cOs8,207532,7473,246,2120,FALSE,FALSE
jD83QaWy8LI,1307660,58421,2603,10159,FALSE,FALSE
wT_yPn3LfNA,1652691,53530,1641,3921,FALSE,FALSE
5NaAwSpswJE,1359682,23024,3677,4125,FALSE,FALSE
RL1e5ZyVUkU,696347,29809,310,2173,FALSE,FALSE
Kj7GU8_kOg4,345957,11899,550,954,FALSE,FALSE
VQhIUzPJi8o,1003082,136927,1447,11628,FALSE,FALSE
Ovu9a6ntSPc,496160,37264,1034,6371,FALSE,FALSE
fN491KqvtP0,624054,3035,2860,1176,FALSE,FALSE
UCdMwyIy3ks,3103186,213063,4608,17132,FALSE,FALSE
V5cOvyDpWfM,18226395,46374,151442,56686,FALSE,FALSE
RdZz7XhyZC8,158013,2183,447,1689,FALSE,FALSE
HY4DHWZcxSI,3998051,5855,3258,545,FALSE,FALSE
hqEZMa54_x0,140142,5171,185,0,TRUE,FALSE
i_EOm9uRnSs,750593,20313,273,4578,FALSE,FALSE
0uJUW24505E,390126,33762,264,2777,FALSE,FALSE
pzHCd2X1GaM,1221416,7573,676,2444,FALSE,FALSE
lscQDAf4hjA,770325,4924,594,1066,FALSE,FALSE
yXa9xtIyphI,62365,1219,15,77,FALSE,FALSE
#NAME?,7946670,342936,5194,18995,FALSE,FALSE
QjNapuOHoT0,90299,1794,12,146,FALSE,FALSE
Rm7ChN0QUas,55985,1554,12,171,FALSE,FALSE
AL-JF7977eM,423571,2810,83,1049,FALSE,FALSE
C7xDzYnst34,1315891,59066,1278,10079,FALSE,FALSE
1lGHZ5NMHRY,259925,12871,1012,0,TRUE,FALSE
dc0Dh_1lxe0,578128,33633,374,1930,FALSE,FALSE
culGGGiey0U,88017,4271,173,587,FALSE,FALSE
PyVvsO_CGfw,504875,34084,217,3928,FALSE,FALSE
ub4AOyWEzPo,590268,12170,191,1730,FALSE,FALSE
2SIPYOBwJUo,402065,13251,368,3046,FALSE,FALSE
02vuSnVF8sU,901994,55444,1233,3559,FALSE,FALSE
m9zakT_UDY4,34014,2115,53,858,FALSE,FALSE
8z_cg5CypRc,4053326,113528,1243,8389,FALSE,FALSE
f6R4W4UKC7w,26037,289,71,188,FALSE,FALSE
dADEn7OYUO0,338394,12502,341,2236,FALSE,FALSE
X0ob2GwzRq4,682650,44135,296,7694,FALSE,FALSE
LForXq19MC8,334765,5346,1131,2276,FALSE,FALSE
OUQr8lG45AU,283192,8609,260,938,FALSE,FALSE
5krWuFgtqLs,164351,6078,73,611,FALSE,FALSE
ItJkf5V4psw,530168,11890,469,407,FALSE,FALSE
Ni9yip7Ev_w,1405827,103776,2899,11424,FALSE,FALSE
DGPmgwTTOBQ,322162,10115,133,2389,FALSE,FALSE
uyUQZCdu1t4,498255,22338,998,1952,FALSE,FALSE
rXuV7AYnwA8,17611,585,2,91,FALSE,FALSE
sgX_83cHOVs,325896,9693,236,2001,FALSE,FALSE
FH_b5PtQFyQ,208552,2235,172,671,FALSE,FALSE
wc27wBExdyw,108376,534,57,74,FALSE,FALSE
syAXXLxO8tw,910675,46643,791,1619,FALSE,FALSE
0kMYy9kU9jU,294246,22999,281,1194,FALSE,FALSE
VUYFDSs3Wlk,187172,923,28,44,FALSE,FALSE
HX8vJYcxQH4,677386,2688,165,277,FALSE,FALSE
